åºå·,ç”¨æˆ·å,é“¾æŽ¥,è¯„åˆ†,è¯„åˆ†æ ‡é¢˜,æœ‰ç”¨æ•°,æ—¥æœŸ,è¯„è®º
1,é‡æ¡ˆç»„éƒ½sir,https://www.douban.com/people/63156283/,allstar30 rating,è¿˜è¡Œ,109,2016-06-17,è™½ç„¶ä¸æ˜¯è¯´è€å¹´äººå°±å¯ä»¥ç†ç›´æ°”å£®çš„æ’è¶³åˆ«äººçš„çˆ±æƒ… ä½†æ˜¯ä¸ºäº†è¿½ä¸€ä¸ªäººåŽ»å·å·ç¿»ä»–çš„facebookå¬ç”µå­ä¹çœ‹æ¼”å”±ä¼šå½“æ¨¡ç‰¹å‚åŠ party çœŸæ˜¯å¤ªé…·äº† çˆ±æ²¡çˆ±åˆ°è¿™ä¸ªäººå·²ç»ä¸é‡è¦äº† é‡è¦çš„æ˜¯å˜æˆäº†better me
2,åŒ¡åŒ¡,https://www.douban.com/people/rakumm/,allstar30 rating,è¿˜è¡Œ,149,2016-06-10,å°´å°¬ç—‡ä¸€é˜µé˜µã€‚å¥³äººå¹´è½»æ—¶ä¸€å®šæŠŠæ‹çˆ±è°ˆå¤Ÿï¼ŒæŠŠç”·äººç¡å¤Ÿï¼Œç­‰ä¸€æŠŠå¹´çºªã€é¸¡çš®é¹¤å‘æ—¶ï¼Œä¸å¸¦ä»»ä½•é—æ†¾çš„åŽ»åšç‚¹åˆ«çš„å¼€å¿ƒäº‹å§ï¼Œæ¸¸åŽ†å±±å·ä¹Ÿå¥½ï¼Œå‘å±•çˆ±å¥½ä¹Ÿå¥½ï¼Œåˆ«å†å¿ƒå¿ƒå¿µå¿µè®°æŒ‚ç€ä¸å±žäºŽè‡ªå·±çš„é²œè‚‰äº†ã€‚å¥¶å­™æ‹ä»€ä¹ˆçš„ï¼ŒæŽ¥å—å””åˆ°å•Šã€‚çŸ¥é“è¿™æ ·è¯´æœ‰ç‚¹ç™Œï¼Œä½†å¥³äººåž‚è€ï¼Œè¿˜ç¼ºçˆ±æƒ…ç¼ºä½“éªŒï¼Œä¸æ›¾å°½æƒ…ä¸ºè‡ªå·±æ´»è¿‡ï¼ŒçœŸçš„å¾ˆå¿ƒé…¸ã€‚
3,è¿Ÿä¸‰çŒ«,https://www.douban.com/people/vera-chi/,allstar40 rating,æŽ¨è,116,2016-06-18,åƒä¸‡åˆ«æµªè´¹æ—¶é—´ï¼Œè€åŽ»åŽæ‰€æœ‰æ•…äº‹éƒ½æˆäº†æ‚²å£®ã€‚
4,ç™¾ä»£è¿‡å®¢,https://www.douban.com/people/JChinKynn/,comment-time ,2016-05-06 19:31:50,74,2016-05-06,ç¬¬ä¸€çœ¼æŠŠç‰‡åçœ‹æˆäº†ã€Šä½ å¥½ï¼Œæˆ‘å«æœè•¾æ–¯ã€‹o(â•¯â–¡â•°)o
5,pat-paddy,https://www.douban.com/people/82560961/,allstar40 rating,æŽ¨è,81,2016-04-26,å“ˆå“ˆå“ˆå“ˆå“ˆå“ˆç¬‘è¿‡ï¼Œç«Ÿç„¶æœ‰ç‚¹å°ä¼¤å¿ƒã€‚æš—æ‹è¿™ä»¶å°äº‹å•Šï¼Œä»€ä¹ˆå¹´çºªéƒ½ä¸€æ ·ã€‚
6,å‚»ä¹çš„çŒ«,https://www.douban.com/people/stupidcat7652/,comment-time ,2016-05-12 09:56:51,52,2016-05-12,æ¬§æ´²äººæ‹çš„è¯å°±æ˜¯ã€Šé’¢ç´æ•™å¸ˆã€‹äº†ï¼Œç¾Žå›½äººè¿˜æ˜¯ä¹è§‚å¤šäº†ã€‚
7,zzyèŠ±å²—å²©,https://www.douban.com/people/3718831/,allstar30 rating,è¿˜è¡Œ,51,2016-06-08,èŽŽèŽ‰Â·è²å°”å¾·å°†è¿™ä¸ªä¸ºäº†æ¯äº²ä»˜å‡ºäº†ä¸€ç”Ÿã€å­¤ç‹¬ã€æ”¶è—ç™–ã€å–œæ„Ÿã€æ¸´æœ›çˆ±æƒ…çš„å¤šè•¾ä¸æ¼”çš„å¼‚å¸¸å¯çˆ±åŠ¨äººã€‚ä½†å‰§æœ¬è¿˜æ˜¯æ¯”è¾ƒå¹³åº¸ï¼Œä¸åˆ‡å®žé™…~
8,J,https://www.douban.com/people/avivalovestory/,allstar40 rating,æŽ¨è,42,2016-03-13,çœŸçš„éžå¸¸çš„å¯çˆ±ï¼Œè™½ç„¶çœ‹ç€è§‰å¾—è‡ªå·±ä»¥åŽå¯èƒ½ä¼šå˜æˆdorisï¼Œè¿˜æ˜¯ä¸æƒ³è¦æˆä¸ºä¸€ä¸ªcatladyã€‚æƒ³è¦è¶æ—©è°ˆæ‹çˆ±ï¼Œæƒ³è¦é‡åˆ°å¯çˆ±çš„ä»–ã€‚
9,ç»å¹´,https://www.douban.com/people/zzzyao19960706/,allstar40 rating,æŽ¨è,35,2016-06-06,æŠ¬å¤´ æŒºèƒ¸ åƒDorisä¸€æ ·å‰è¿›
10,ç™½æ—¥ç¾Žäºº_S,https://www.douban.com/people/stella_zhou/,allstar50 rating,åŠ›è,23,2016-03-17,å‡ ä¹Žæ²¡æœ‰ç‘•ç–µçš„å‰§æœ¬ï¼Œè€å¹´ç‰ˆçš„coming of age storyã€‚å¯¼æ¼”çš„Q&Aå¤ªä»–å¦ˆé…·äº†ï¼Œè¿™å¯¼æ¼”å¤ªé…·äº†ï¼ŒçœŸçš„ä»»æ€§ã€‚
11,ç™½ç‰™å°–,https://www.douban.com/people/justico/,allstar50 rating,åŠ›è,17,2016-08-16,å¥¹ä½åœ¨è‡ªå·±çš„å­¤å²›ï¼Œæ¯å¤©é æ¸¡èˆ¹é€šå‘çŽ°å®žã€‚ï¼ˆåŽŸå£°å¸¦å¤ªæ£’ï¼ŒåŽ»çº½çº¦çš„ç†ç”±åˆå¤šäº†ä¸€ä¸ªã€‚ï¼‰
12,å›¢é…±éº»å¿ƒé¦…,https://www.douban.com/people/LK-Garden/,allstar50 rating,åŠ›è,23,2016-06-30,ä¸ç®¡ å¼ºè¡Œäº”æ˜Ÿï¼Œå°‘å¥³ä¸æœ½
13,Ziggy,https://www.douban.com/people/stardustziggy/,allstar10 rating,å¾ˆå·®,16,2016-07-03,è€å¥³äººæš—æ‹å°é²œè‚‰ï¼Œæ— å¯åŽšéžï¼ŒçœŸçˆ±ä¹‹èŠ±å¼€ä¸å¥‡è‘©ã€‚ä½†æ˜¯ï¼Œè„¸ä¹¦å˜æ€ç•™è¨€æ…å±€é¸³é¸¯ä¸€å¯¹ï¼Œå¿ƒä¸­æ¯«æ— æ„§ç–šã€‚å‰¥åŽ»æµªæ¼«ç”µå½±çš„çš®ï¼Œè¯´ç©¿äº†å°±æ˜¯ä¸€è€ä¸‰ä¸Šä½ï¼Œæ¶å¿ƒé€é¡¶ã€‚çœ‹ç‰‡æµªè´¹ä¸€å°æ—¶å…‰é˜´ã€‚
14,å¤å¥ˆ,https://www.douban.com/people/ChannaDisco/,allstar30 rating,è¿˜è¡Œ,20,2016-03-29,ä¸ç®¡å¤šå°‘å²ï¼Œåœ¨çˆ±ä¸­çš„äººä»¬æ€»æ˜¯ä¸€æ ·çš„ã€‚
15,å–µå­,https://www.douban.com/people/cloverllx/,allstar20 rating,è¾ƒå·®,12,2016-06-18,å¯æ€•çš„ï¼‚çŽ°å®žï¼‚ï¼Œçœ‹å¾—æˆ‘å·®ç‚¹å„¿æ‰”æŽ‰æ‰€æœ‰ç²‰è‰²ç³»å°‘å¥³é…é¥°â€¦â€¦æ¯”èµ·ç”µå½±ï¼Œæ›´åƒç¾Žå‰§ã€‚
16,Ron Chan,https://www.douban.com/people/RonChan/,allstar30 rating,è¿˜è¡Œ,10,2016-06-06,æ°”æ°›è¥é€ å¾—å¾ˆå¥½ï¼Œéƒ½å¸‚æ°”æ¯å¾ˆæµ“ï¼Œä¹ä¸€çœ‹è¿˜æŒºè´´åˆ‡ç”Ÿæ´»çš„ï¼ŒDorisè¿™ä¸ªè§’è‰²è¢«å†™å¾—å¾ˆç«‹ä½“ï¼Œå¥¹çš„ä¸åˆ‡å®žé™…æ›´æ˜¯ä¸ºç”µå½±å¢žåŠ äº†ä¸å°‘çš„ç¬‘æ–™ï¼Œä¸è¿‡æ¯•ç«Ÿæ˜¯ç”µå½±ï¼Œä¸€åˆ‡éƒ½ä¸æ˜¯é‚£ä¹ˆçœŸå®žï¼Œæ‰€ä»¥çœ‹å®Œäº†è¿˜æ˜¯è§‰å¾—æ„Ÿè§¦ä¸æ·±ã€‚èŽŽèŽ‰Â·è²å°”å¾·æ¼”å¾—è¶…çº§å¥½ï¼ŒæŠŠDoriså¡‘é€ å¾—ç›¸å½“å¯çˆ±ï¼Œè®©äººè¿‡ç›®ä¸å¿˜ã€‚
17,Alary,https://www.douban.com/people/2387348/,allstar20 rating,è¾ƒå·®,10,2016-06-14,å¤šè•¾ä¸è¿½çˆ±å‹‡æ°”å¯å˜‰ï¼Œä½†æ–¹å¼æˆ‘æ— æ³•è®¤åŒï¼Œæ‹†æ•£äº†ç”·ä¸»å’Œç ´äº§å§å¦¹ï¼Œæœ€ç»ˆèµ¢å¾—äº†å¯èƒ½çš„æœºä¼šï¼Œå¦‚æžœä»–ä»¬åœ¨ä¸€èµ·çœŸçš„ä¼šå¹¸ç¦ä¹ˆï¼Ÿå‰§æƒ…ä¹Ÿç•¥æ— èŠã€‚ã€‚
18,è¨åº“æ‹‰,https://www.douban.com/people/iisakura/,allstar30 rating,è¿˜è¡Œ,6,2016-06-28,è¿˜æ˜¯ç«¥è¯äº†ã€‚çœ‹åˆ°å¥¹è·Ÿå¹´è½»äººä»¬çŽ©â€œæˆ‘ä»Žæ¥æœ‰åšè¿‡â€ï¼Œç¥žåŒæ­¥å•Šï¼ŒçœŸæ˜¯realå¿ƒé…¸ã€‚
19,è‹å°æœµ,https://www.douban.com/people/AriesSusan/,allstar40 rating,æŽ¨è,8,2016-06-09,è¿·ä¹‹å¥½ç¬‘å°´å°¬å’Œä¼¤æ„Ÿ
20,å¼ éœ“,https://www.douban.com/people/dixueyaxiaojie/,allstar30 rating,è¿˜è¡Œ,9,2016-03-28,å®žé™…æ˜¯ä¸€éƒ¨äººç”Ÿæ•´ç†çš„ç”µå½±ï¼ŒDorisé•¿å¾—åƒçº¦å…‹å¤éƒ¡çŠ¬ã€‚>.<
21,è’¸æ¡‘æ‹¿çš„å†°æ¿€å‡Œ,https://www.douban.com/people/QUEEN113/,comment-time ,2016-11-27 03:42:49,6,2016-11-27,å¦ˆå‘€ï¼æŠ±æ†¾ç»ˆç”Ÿçš„äººç”Ÿæ˜¯ç”±ç¬¬ä¸€æ¬¡ç”»åœ°ä¸ºç‰¢çš„é€‰æ‹©å¼€å§‹çš„ã€‚è­¦é’Ÿé•¿é¸£ã€‚åˆ«å¹²æ‰°æˆ‘ï¼
22,PageChen,https://www.douban.com/people/touchwonderful/,allstar50 rating,åŠ›è,6,2016-08-28,è¿™è€å¤ªå¤ªå¤ªç”ŸåŠ¨äº†ï¼ï¼ï¼çœ‹èµ·æ¥ç¬¨æ‹™ï¼Œä½†æ˜¯åœ¨å¯çˆ±~~~ç‘œä¼½çƒå……æ°”é‚£æ®µå¤ªæ±¡äº†~~~è€å¥¶å¥¶æ•™è‚²æˆ‘ä»¬ï¼Œè¦å‹‡äºŽå°è¯•ï¼Œæ•¢äºŽèµ°å‡ºè¿‡åŽ»ï¼ŒI AM POSSIBLE
23,Fâ€“Aâ™­â€“F,https://www.douban.com/people/2334495/,comment-time ,2016-07-28 23:02:28,5,2016-07-28,å°´å°¬ç™Œç‰‡ã€‚éœ€è¦åœ¨bç«™å¼¹å¹•å¸®åŠ©ä¸‹è§‚çœ‹ã€‚çœ‹å®Œè§‰å¾—ï¼šè€å¹´å¦‡å¥³å°±æ²¡æœ‰è¿½é²œè‚‰çš„æƒåˆ©å—ï¼Ÿå¥½åƒä¹Ÿä¸æ˜¯ä¸è¡Œï¼Œä¸ºä»€ä¹ˆæˆ‘ä»¬éƒ½ç­‰ç€è¿™ä¸ªæœ€åŽçš„å¤±è´¥ç»“æžœé™ä¸´å‘¢ã€‚è¿™æ˜¯ä»€ä¹ˆæ ·çš„å¿ƒæ€å•Šï¼Ÿå› ä¸ºå¥¹ä½¿ç”¨äº†ä¸€äº›å‘é„™çš„ä¼Žä¿©å—ï¼Ÿä¸ªäººè§‰å¾—è¿™æ˜¯äººè®¾æˆåŠŸçš„ä¸€ç‚¹ã€‚è¿˜æœ‰ä¸€ç‚¹å°±æ˜¯å¥¹ä»Žæœªåœæ­¢åšæ¢¦ï¼Œç›´åˆ°èµ°äººï¼Œåˆ°ç”µæ¢¯å‰è¿˜æœªåœæ­¢è¯´æ˜Žå¥¹ä¸€ç›´åœ¨yy
24,ä¼Šéº—èŽŽç™½,https://www.douban.com/people/lulusphinx/,allstar30 rating,è¿˜è¡Œ,3,2016-08-17,ä»¤äººå¿ƒé…¸çš„å°‘å¥³å¿ƒÂ·~~~è°ˆæ‹çˆ±è¶æ—©é˜¿å–‚å–‚~ï¼
25,Sabrina,https://www.douban.com/people/15401327/,allstar40 rating,æŽ¨è,4,2016-12-04,1. å¥³äººçˆ±æƒ…çš„éšœç¢ï¼Œå¹´é¾„ã€‚ç”·äººå°±å¥½åƒæ²¡æœ‰ï¼Œè‡³å°‘æœ‰é’±ç”·äººå°±æ²¡æœ‰è¿™ä¸ªéšœç¢ï¼Œä¸ä»…è‡ªå·±æ²¡æœ‰ï¼Œç¤¾ä¼šä¹Ÿæ²¡æœ‰ä¸ºäº†è®¾ç½®è¿™ä¸ªéšœç¢ã€‚2. æ”¹å˜ï¼Œç›¸ä¿¡è‡ªå·±ã€‚
26,Nineveh,https://www.douban.com/people/NinevehQ/,allstar30 rating,è¿˜è¡Œ,3,2016-06-11,çœ‹å¾—æˆ‘å°´å°¬ç—‡è¦çŠ¯äº†
27,JulyChan,https://www.douban.com/people/JulyChan/,comment-time ,2016-06-23 21:04:39,5,2016-06-23,æœ‰å¤šå¤©çœŸï¼Œå°±æœ‰å¤šæ®‹å¿ã€‚æ— è®ºæ˜¯ç”µå½±è¿˜æ˜¯äººã€‚
28,404,https://www.douban.com/people/qwishu/,allstar20 rating,è¾ƒå·®,2,2016-06-24,å°´å°¬
29,å¸­å¾·,https://www.douban.com/people/kydest/,allstar30 rating,è¿˜è¡Œ,1,2016-11-18,äººè€äº†ï¼Œè‚‰èº«æ²‰é‡ï¼Œä½†çµé­‚æ‰§ç€åœ°çˆ±æ…•ç€å°‘å¹´ï¼Œè¿™ä¸ªè¨€æƒ…ç‰‡å…¶å®žå°±åƒã€Šæµ®å£«å¾·ã€‹çš„å‰ä¼ ã€‚è€äººæ‹ä¸Šå°‘ç”·å°‘å¥³çš„æ•…äº‹æ€»æ˜¯ä¸ªå¥½é¢˜æâ€”â€”éš¾é“è€äº†å°±ä¸çˆ±äº†ï¼Œéš¾é“è€äººå°±ä¸å–œæ¬¢å¥½çœ‹çš„äººäº†ï¼Ÿä¸ï¼Œä¸æ˜¯ä¸å–œæ¬¢ï¼Œåªæ˜¯å†ä¹Ÿä¸å¯èƒ½å¾—åˆ°äº†ã€‚å½±ç‰‡æŒ–æŽ˜å¾—ä¸æ·±ï¼Œä½†è¿™ç§åœç•™äºŽæµ…è¡¨çš„å™è¿°å¸¦æ¥ä¸€ç§å¾®å¦™å†·æ·¡çš„è·ç¦»æ„Ÿï¼Œä¹Ÿä¸é”™ã€‚
30,EarÂ·Eros,https://www.douban.com/people/iear/,allstar40 rating,æŽ¨è,2,2016-06-06,æˆ‘çœŸçš„æ²¡æƒ³åˆ°èŽŽèŽ‰è²å°”å¾·é˜¿å§¨å±…ç„¶è¿˜èƒ½staringä¸€éƒ¨ç”µå½±ï¼Œè‹›åˆ»çš„å¥½èŽ±åžç»ˆäºŽç»™è¿™äº›æ–°å¥½èŽ±åžåˆæœŸçš„æ¼”æŠ€æ´¾ä¸­æµç ¥æŸ±ä¸€ç‚¹ç”Ÿè·¯äº†å˜›ï¼Ÿ
31,JoeyLué™†æŸå®‡,https://www.douban.com/people/lubaiyu/,allstar30 rating,è¿˜è¡Œ,0,2016-07-13,ä¸€æ®µæƒŠå–œå¥‡å¦™çš„è€å°‘æ‹ï¼Œä½†æˆ‘ä¸»è¦æ˜¯æ¥çœ‹BBçš„ï¼Œæ²¡æƒ³åˆ°æˆä»½å°‘å•Šâ€¦â€¦â€¦
32,arvin,https://www.douban.com/people/4627071/,allstar40 rating,æŽ¨è,4,2016-09-27,çœ‹äº†åŽï¼Œå­¤å•æ„Ÿæ›´å¼ºäº†ã€‚
33,vivi,https://www.douban.com/people/vivifyvivi/,allstar30 rating,è¿˜è¡Œ,0,2016-06-08,2.5 Sally Field ä¸€å¦‚æ—¢å¾€åœ°ç¥žç¥žç»ç»ï¼Œå°‘å¥³å¿ƒå®žåœ¨å«äººä¸€é¢æ±—ã€‚å¥½å¤šç¾Žå‰§å°æ˜Žæ˜Ÿã€‚
34,â¸œ( Ë™-Ë™ )â¸,https://www.douban.com/people/lanxinwu/,allstar20 rating,è¾ƒå·®,1,2016-07-14,å¤ªå°´å°¬äº† æ²¡çœ‹å®Œå°±å…³æŽ‰äº†ã€‚ã€‚ã€‚
35,åœ°çƒåŒ…å›´å¤–æ˜Ÿäºº,https://www.douban.com/people/DBsummer/,allstar40 rating,æŽ¨è,1,2016-07-07,è¯´ä¸å‡ºä»€ä¹ˆæ„Ÿè§‰
36,ç‘´,https://www.douban.com/people/amyjuezhao/,allstar50 rating,åŠ›è,2,2016-06-09,å¸Œæœ›è‡ªå·±è€çš„æ™‚å€™ï¼Œå¿ƒä¹Ÿèƒ½é€™æ¨£å°‘å¥³ã€‚çœ¼é¡çœŸçš„å¾ˆå¥½çœ‹å•Š~
37,åƒæŸšå­ä¸åçš®,https://www.douban.com/people/68264835/,allstar30 rating,è¿˜è¡Œ,4,2016-07-16,çœ‹è¿™éƒ¨å‰§å¤§æ¦‚æ˜¯æƒ³è­¦é†’æˆ‘ä¸è¦å˜æˆå­¤ç‹¬å…»çŒ«çš„è€å¤ªå¤ªå§ã€‚
38,è±†è…é€¼æ¢¦,https://www.douban.com/people/dobu_B/,allstar30 rating,è¿˜è¡Œ,1,2016-12-21,a cat lady's wet dream
39,é˜¿æ–°,https://www.douban.com/people/sisi36/,allstar30 rating,è¿˜è¡Œ,1,2016-06-09,è¿˜å¥½æœ€åŽç»“å±€æ²¡æœ‰åœ¨ä¸€èµ· ä¸ç„¶å°±å¤ªç‹—è¡€äº†
40,å¤æ—¥çš„å°è¥¿ç“œ,https://www.douban.com/people/53600614/,allstar40 rating,æŽ¨è,1,2016-11-12,é€‰ç”µå½±çœ‹çš„æ—¶å€™çž„åˆ°äº†è¿™éƒ¨ï¼Œé¡ºæ‰‹ä¸Šè±†ç“£æœäº†å†…å®¹ï¼Œç«‹é©¬å†³å®šä»Šå¤©å°±çœ‹è¿™éƒ¨äº†ã€‚æ»¡æ»¡å°‘å¥³å¿ƒï¼Œä¸è®ºæœ€åŽæœ‰æ²¡æœ‰å’Œç”·ä¸»åœ¨ä¸€èµ·ï¼Œå¥³ä¸»å·²ç»åœ¨çˆ±çš„è¿‡ç¨‹ä¸­æ…¢æ…¢æˆä¸ºäº†better meï¼Œå¾ˆå—é¼“èˆžã€‚å‹æƒ…äº²æƒ…çˆ±æƒ…ã€‚è¯è¯´ç”·ä¸»çš„å‰å¥³å‹å¾ˆæ¼‚äº®ã€‚Better late than never. è¿˜æœ‰ Love makes people do crazy things.
41,æŽæ¿›Lemon,https://www.douban.com/people/lm498521969/,allstar40 rating,æŽ¨è,5,2017-02-24,ä¸‰æ˜ŸåŠã€‚å¦‚æžœè¿™ç‰‡å­æ˜¯ä¸€ä¸ªè€ç”·äººé…ä¸€ä¸ªç¾Žå°‘å¥³ï¼Œå¤§æ¦‚å°±ä¸ä¼šæœ‰é‚£ä¹ˆå¤šäººç›´å‘¼å°´å°¬äº†ã€‚å¯è§è¿™ä¸ªç¤¾ä¼šå¯¹å¥³äººï¼Œå°¤å…¶æ˜¯æœªå©šè€å¥³äººè¿˜æ˜¯æœ‰é‚£ä¹ˆå¤šåè§ã€‚æˆ‘çœŸæŒºå–œæ¬¢è¿™ä¸ªç‰‡å­çš„ï¼Œæ•¢äºŽé€‰è¿™æ ·çš„é¢˜æå°±å¾ˆæœ‰å‹‡æ°”äº†ï¼Œå†åŠ ä¸Šé‚£ä¸ªå¹²è„†åˆ©è½çš„å¼€æ”¾å¼ç»“å±€ï¼Œå¾ˆéš¾è¯´è¿™ç‰‡ä¸å¥½ã€‚å¦å¤–å¥³ä¸»è§’çš„è¡£å“çœŸå¥½å‘€ï¼ŒæŠŠé‚£ä¹ˆå¤šè‰²å½©ç©¿å¾—é‚£ä¹ˆæ¼‚äº®ã€‚
42,BIGD,https://www.douban.com/people/1797671/,allstar40 rating,æŽ¨è,1,2016-07-21,è¿™ç§é¢˜æçš„ç”µå½±çœ‹èµ·æ¥å¥½æ‚²ä¼¤ã€‚é’æ˜¥é€åŽ»ã€‚æƒŠå–œæ˜¯çœ‹è§äº†Carolineå’Œå¥³å­ç›‘ç‹±çš„Nickyï¼é‚£ä¸€å£çƒŸå—“~
43,æ°”æ€¥è´¥åå¥³ç–¯å­,https://www.douban.com/people/11471768/,allstar40 rating,æŽ¨è,0,2016-07-01,è€å¤ªå¤ªçš„å°‘å¥³å¿ƒï¼Œçˆ±ä¸Šå°é²œè‚‰ç¾Žç”·
44,å¹»å„¿,https://www.douban.com/people/45311964/,allstar30 rating,è¿˜è¡Œ,4,2016-06-30,è‰²è°ƒå¾ˆå¯çˆ± ä¸ºå®¶äººä»˜å‡ºäº†ä¸€ç”Ÿè€Œæ”¾å¼ƒè‡ªæˆ‘ æ”¾å¼ƒè‡ªå·±æœ¬å¯æ‹¥æœ‰çš„äººç”Ÿçš„äººï¼Œå†…å¿ƒå¹¶ä¸æ˜¯æ²¡æœ‰æ¸´æœ›çš„ï¼Œç»åŽ†æ˜¯æˆé•¿çš„å¿…è¦æ¡ä»¶ï¼Œå½“ä½ æ”¾å¼ƒäº†é‚£éƒ¨åˆ†ï¼Œä¹Ÿå°±åœæ»žäº†ï¼ŒæŸå¤©å¦‚åŒè€å¤ªå¤ªè¿™æ ·æ¡èµ·ï¼Œæˆ–è®¸å¤–äººçœ‹æ¥å·²ä¸åˆæ—¶å®œ ä¸åˆå¹´çºªï¼Œå¯æ˜¯å¯¹è‡ªå·±æ¥è¯´æ°¸è¿œä¸ä¼šæ™š åªè¦ç»åŽ†äº†å°±å¥½ æœ€å¥½æ˜¯ä»€ä¹ˆå¹´çºªå¹²ä»€ä¹ˆäº‹ å·²é”™è¿‡çš„è¡¥æ•‘ä¹Ÿä¸æ™š
45,é›ªåŽæž—ä¸­æœ‰é¹¿,https://www.douban.com/people/108077404/,allstar40 rating,æŽ¨è,4,2016-06-08,ä¸Žä¼—ä¸åŒçš„ç³–æ°´ç‰‡ï¼Œéžå¸¸å¯çˆ±çš„è½»å–œå‰§ï¼Œä¸€ä¸ªå¹¶ä¸å¹´è½»çš„å¥³äººè¿½æ±‚å°è‡ªå·±äºŒåå²çš„ç”·äººçš„çˆ±æƒ…æ•…äº‹ï¼Œè½»æ¾å¹½é»˜å°æ¸©æš–ï¼Œç»“å°¾éžå¸¸æ£’ã€‚å‹‡äºŽå¼€å§‹ï¼Œè°è¯´ä¸€å®šä¸å¯èƒ½å‘¢ï¼Ÿ
46,tentwosix,https://www.douban.com/people/peggywang/,comment-time ,2016-12-05 12:23:19,0,2016-12-05,å……æº¢çš„ä¸çœŸå®žæ„Ÿ è€å¹´å¥³æ€§çš„chick flick
47,å°å°è™«,https://www.douban.com/people/xiaoxiaochonglt/,allstar40 rating,æŽ¨è,0,2016-10-04,è¢«æ²»æ„ˆäº†å“ˆå“ˆå“ˆï¼Œç»“å°¾æ€’èµžï¼æœ¬æ¥ä»¥ä¸ºæ˜¯å‚»ç™½ç”œæ²¡æƒ³åˆ°å‰§æœ¬è¿˜è›®ä¸é”™çš„ï¼Œä¸¤å±Šå¥¥æ–¯å¡å½±åŽæŒ‘æœ¬å­çœ¼å…‰&æ¼”æŠ€éƒ½æ²¡å¾—å¼¹ï¼å“ˆå“ˆä¸€å †çº½çº¦å–œå‰§ç†Ÿè„¸ã€‚æœ‰å¹¿å‘Šç‹‚äººé‡Œå¤´çš„é‚£ä¸ªTVæ€»ç›‘å•Šï¼Œå±…ç„¶æ²¡äººçœ‹å‡ºæ¥ã€‚æœ€åŽå°±æ˜¯CarolineçœŸçš„å¥½ç¾Žå•Šå•Šå•Šå•Š
48,è¥¿å†³,https://www.douban.com/people/c541223724/,allstar30 rating,è¿˜è¡Œ,0,2016-09-17,ä¸­äºŒå¤§å¦ˆæ³¡å°é²œè‚‰ï¼Œè¿‡äºŽæ¢¦å¹»äº†
49,NON,https://www.douban.com/people/66663254/,allstar30 rating,è¿˜è¡Œ,1,2016-06-11,ä¸åœçš„å°·å°¬ å®Œå…¨ä¸å‹µå¿—å•Š äººè€äº†å°±ä¸è¦æ··å¹´è¼•åœˆ
50,momoè‰¾,https://www.douban.com/people/AgiChan1125/,allstar50 rating,åŠ›è,2,2016-08-03,è¿™çˆ±å°±ç©¿æ¢­åœ¨ã€æ¯ä¸€æ¡å‘å¸¦ï½ž
51,ä¸¤æ±Ÿç‹å­,https://www.douban.com/people/hsuperhat/,allstar30 rating,è¿˜è¡Œ,0,2017-03-05,ä½œæœ‰ä»€ä¹ˆå…³ç³»ï¼Œå¼€å¿ƒå°±å¥½ã€‚äº²æƒ…å¯ä»¥æ¯äº†äººä¸€ç”Ÿè¿˜ä»¤äººä¸è‡ªçŸ¥ï¼Œä½†è¦æ˜¯ä¸å©šä¹Ÿå¾ˆéš¾æŒ‡æœ›é»„æ˜æ—¶åˆ†çš„å¿˜å¹´æ‹æœ‰ä»€ä¹ˆå¯èƒ½ã€‚çœŸæ˜¯ä¸ªç³Ÿç³•çš„ä¸–ç•Œã€‚ç»™æˆ‘è¡Œæˆ‘ç´ Dorisä»¥åŠå‡ åå¹´å¦‚ä¸€æ—¥çš„æ¼”æŠ€æ‹…å½“èŽŽèŽ‰è²å°”å¾·ç‚¹åä¸‡ä¸ªèµžã€‚ä¸è¿‡è¿˜æ˜¯å¾ˆæŠ±æ­‰ï¼Œæˆ‘å®žåœ¨å¾ˆä¸é€‚åº”â€œç†Ÿå¥³è¯±æƒ‘â€ã€‚ç”·ä¸»æœ‰ç€é“æ±¤å¹´è½»æ—¶å€™çš„å¸…å‡ç¬‘ã€‚
52,æµ·ç›—è±š,https://www.douban.com/people/Budaphin/,allstar40 rating,æŽ¨è,0,2016-07-05,æœ€è¿‘çœ‹åˆ°æœ€å–œæ„Ÿçš„ä¸€éƒ¨ç”µå½±äº†ï¼Œä»Žæœªè§è¿‡åœ¨è¿·ä¹‹å°´å°¬å’ŒåŠ±å¿—æˆé•¿ä¸¤è€…ä¹‹é—´è½¬æ¢å¦‚æ­¤è‡ªå¦‚çš„ç‰‡å­ã€‚ä¸€å¸®ç¾Žå‰§å’–ï¼Œæ„Ÿè§‰å°±æ˜¯ä»Žå„è‡ªç‰‡åœºç©¿è¶Šè¿‡æ¥å®¢ä¸²çš„ï¼Œä½†ç²‰ä¸çœ‹ç€æŒºå—¨çš„ã€‚æœ‰äººè¯´ç»“å±€æœ‰æ¯’ï¼Œæˆ‘è¯´ï¼Œå¯ä»¥ï¼Œè¿™å¾ˆç»“å±€ã€‚è‡³äºŽDorisæ‚²ä¸æ‚²æƒ…ï¼Œä¸»è¦å–å†³äºŽå¥¹è‡ªå·±çš„å¿ƒå¢ƒï¼Œè‡ªæ€¨è‡ªè‰¾çš„è¯è°ä¹Ÿå¼€è§£ä¸äº†å¥¹ï¼Œä½†å¥¹å¯ä»¥æ´»å‡ºç²¾å½©ã€‚
53,è°§èŽ,https://www.douban.com/people/escorpion/,allstar30 rating,è¿˜è¡Œ,2,2016-06-14,æ­¤ç‰‡ç®€ç›´å°±æ˜¯æ–­èˆç¦»å®£ä¼ ç‰‡ï¼Œå°†æ–­èˆç¦»çš„æ¦‚å¿µç”¨ä¸€ä¸ªæ•…äº‹å°†çš„ååˆ†é€å½»ã€‚ç‰©å“ä¸åªæ˜¯ç‰©å“ï¼Œè¿˜æ˜¯ä½ å¿ƒç†çš„æ˜ å°„ï¼Œå¤šé›·æ–¯çš„æ”¹å˜ï¼Œä»Žæ¸…ç©ºå®¶ä¸­çš„åºŸç‰©å¼€å§‹ï¼Œä¸ç®¡æ˜¯å¦èƒ½å¤Ÿæ‹¥æœ‰æ¢¦æƒ³ä¸­çš„çˆ±æƒ…ï¼Œè‡³å°‘ï¼Œå¥¹æ”¹å˜äº†ã€‚å‰§ä¸­çš„ç”·ä¸»å°½ç®¡å¸…æ°”æœ‰æ‰ï¼Œå—åˆ°åŒäº‹çˆ±æˆ´ï¼Œç„¶è€Œä»–ä¹Ÿè¯´å‡ºâ€œæˆ‘å¾ˆæ€•åˆ«äººä¸å–œæ¬¢æˆ‘ã€‚â€ä½ ï¼Œå’Œä»–ä»¬ï¼Œåˆæœ‰å¤šè¿œï¼Ÿ
54,ä¸€å®ž,https://www.douban.com/people/Charlin_Min/,allstar30 rating,è¿˜è¡Œ,0,2016-07-14,è¿˜å¥½å§ï¼Œè™½ç„¶è›®ç§¯æžå‘ä¸Šçš„ã€‚è¿½æ±‚å¹¸ç¦äººäººéƒ½å¯ã€‚æ— å…³å¹´é¾„ã€‚ä¸è¿‡å¡æ´›ç³æ²¡æœ‰ç ´äº§å§å¦¹é‡Œé¢å¥½çœ‹
55,æ·‹,https://www.douban.com/people/75215757/,allstar40 rating,æŽ¨è,0,2016-12-31,ä¹…è¿çš„å°‘å¥³å¿ƒï¼Œå“ªæœ‰é‚£ä¹ˆå®¹æ˜“æ³¯ç­
56,SELVEN,https://www.douban.com/people/SELVEN/,allstar30 rating,è¿˜è¡Œ,0,2017-06-27,63/100 æš—æ‹æ˜¯é¦–è¯—ã€‚
57,C'est si bon,https://www.douban.com/people/2423369/,allstar40 rating,æŽ¨è,1,2016-08-07,ç«Ÿç„¶æ²¡æœ‰å½©è›‹â€¦â€¦
58,york,https://www.douban.com/people/york_wu/,allstar30 rating,è¿˜è¡Œ,1,2016-06-17,åšåˆ°äº†ç¬‘ä¸­å¸¦æ³ª
59,é‡‘è½®é™…æ¯çƒ™,https://www.douban.com/people/misink/,allstar40 rating,æŽ¨è,0,2019-02-02,å¤ªå•è–„ï¼åŽŸæœ¬æœŸå¾…çœ‹åˆ°ä¸€ä¸ªèº«ä¸ºè€å¹´äººã€å¥³æ€§ã€æœªå©šè€…çš„è§’è‰²å¦‚ä½•é‡æ–°è¿›å…¥æ—©å·²è„±èŠ‚çš„ç¤¾ä¼šï¼Œç»“æžœæ•´ç‰‡æŠŠæ‰€æœ‰é‡å¿ƒæ”¾åœ¨æ‹çˆ±è¿™ä¸€ä»¶äº‹ä¸Šï¼Œç€å®žå¤ªå°äº†ã€‚å¦å¤–å„ç§æ—¢è§†æ„Ÿï¼Œä¸ä»…æœ‰2broken girlsçš„Cï¼Œè¿˜æœ‰grace&frankieçš„fuck itã€‚
60,å®‡å°æ•,https://www.douban.com/people/yuminshuiqi/,allstar20 rating,è¾ƒå·®,0,2018-09-14,å¥³äººè€äº†è¿˜æ‹Žä¸æ¸…çŽ°å®žçœŸçš„å°±å¯æ‚²äº†ã€‚æ•…äº‹ä¹å‘³äººç‰©ä¸å¯çˆ±è¿žä¸‰è§‚éƒ½æ‘‡æ‘‡æ¬²å ã€‚
61,Y.Phoenix,https://www.douban.com/people/roddickye/,allstar50 rating,åŠ›è,1,2017-02-15,å¹´åº¦æœ€ä½³å–œå‰§ï¼è¡¨æ¼”ã€å°è¯ã€æœè£…ã€éŸ³ä¹ä¿±ä½³ï¼Œè€å¥³å­©çš„YYç®€ç›´å‡ºç¥žå…¥åŒ–ï¼
62,pandoraåˆ€åˆ€,https://www.douban.com/people/pandoranavi/,allstar40 rating,æŽ¨è,0,2018-02-22,ä¸é”™çš„å°å“æ–‡ è‡³å°‘å¯ä»¥åšè‡ªå·±äº† ä¸€è¾ˆå­éƒ½æ˜¯ä¸ºäº†åˆ«äºº æ¯äº² èƒžå¼Ÿ å°é²œè‚‰ èƒ½æœ‰ä¸ªæœºä¼šæ¸…é›¶é‡æ–°ä¹Ÿæ˜¯éš¾å¾—
63,camac,https://www.douban.com/people/camac/,allstar40 rating,æŽ¨è,0,2016-11-18,ç”µè§†è‹±é›„ç¾¤è‹±ä¼ 
64,â€  Cheryl,https://www.douban.com/people/CherylGirl/,comment-time ,2016-10-24 08:59:39,0,2016-10-24,å¥½æ£’çš„å°‘å¥³å¿ƒ
65,CuRry_å¸¸å–œèˆï¼›,https://www.douban.com/people/timorrowmain/,allstar30 rating,è¿˜è¡Œ,0,2016-06-28,3.5ï¼Œæ„Ÿè§‰è¿˜æ²¡ç»“æŸã€‚
66,laurenâ…¢,https://www.douban.com/people/listenmumu/,allstar40 rating,æŽ¨è,0,2016-11-03,move the fucking on
67,è½»çµçœŸå®ž,https://www.douban.com/people/2475703/,allstar30 rating,è¿˜è¡Œ,0,2017-02-26,"why, that's pathetic"
68,ä¼˜æ¸¸å’å²,https://www.douban.com/people/2429292/,allstar30 rating,è¿˜è¡Œ,0,2016-10-18,çœ‹å¾—å¾ˆè®©äººå°´å°¬ï¼Œè¿™ä¹ˆå¤§å¹´é¾„è¿˜æ˜¥æ¢¦é¢‘å‘ã€‚äººï¼Œæ˜¯æœ€éš¾å¯¹è‡ªå·±æœ‰ä¸ªæ­£ç¡®è®¤è¯†çš„ï¼Œäººç”Ÿä¹‹å¤±è´¥å¾€å¾€æºäºŽæ­¤ã€‚
69,Winnie,https://www.douban.com/people/BonnieWinnie/,allstar40 rating,æŽ¨è,0,2016-07-30,å¥½å¯çˆ±å“¦ï¼Œæˆ‘60å²ä¹Ÿæƒ³ç©¿è¿™ä¹ˆå¤šé¢œè‰²åœ¨èº«ä¸Šhhhhhhh
70,XOKORA,https://www.douban.com/people/MpokoraCyrus/,allstar30 rating,è¿˜è¡Œ,0,2017-04-19,å–œæ¬¢ç”·ä¸»ã€‚å‰§æƒ…å…¶å®žè¿˜å¥½ï¼Œçœ‹ç€æµ“å¦†è‰³æŠ¹çš„sallyï¼Œå…¶å®žä¸é€‚æ„ŸæŒºå¼ºçƒˆçš„ã€‚
71,what'swilliam,https://www.douban.com/people/52286623/,allstar30 rating,è¿˜è¡Œ,0,2016-08-31,3.6æ˜Ÿã€‚è¿˜è›®ç”œçš„ï¼Œä½†æ˜¯çœ‹åˆ°è€å¤ªå¤ªäº²å°é²œè‚‰è¿˜æ˜¯æœ‰ç‚¹å°´å°¬ã€‚ã€‚ã€‚ã€‚ã€‚ç»“å±€å·²ç»ç®—æ˜¯å¾ˆæ¢¦å¹»äº†ã€‚ã€‚ã€‚
72,å¼€å¼€!,https://www.douban.com/people/vane0109/,allstar30 rating,è¿˜è¡Œ,0,2017-05-10,æˆ‘åŠè‡ªå·±è¦å£ä¸‹ç•™æƒ…ï¼Œæ¯•ç«Ÿå¾ˆå¿«ä¹Ÿè¦é‚£ä¹ˆè€äº†....
73,å°å“€,https://www.douban.com/people/hayibala/,allstar40 rating,æŽ¨è,0,2017-09-06,ç­‰æˆ‘è€äº†ä¹Ÿè¦æ—¶å¸¸ç©¿å¾—åƒå°‘å¥³ä¸€æ ·ï¼Œç„¶åŽå½“ä¸ªå¯çˆ±çš„å§‘å¦ˆã€‚
74,Ether,https://www.douban.com/people/73770976/,allstar40 rating,æŽ¨è,3,2016-12-26,ä»¿ä½›çœ‹è§äº†æˆ‘çš„æœªæ¥ â€œDoris wait!â€
75,çˆ±å¹»æƒ³çš„å°å­©,https://www.douban.com/people/62469238/,allstar40 rating,æŽ¨è,0,2016-12-15,Sally Fieldç®€ç›´æ˜¯å›½å®ã€‚éžå¸¸çœŸè¯šåˆå¯çˆ±ã€‚
76,è¿½éš,https://www.douban.com/people/66381815/,allstar40 rating,æŽ¨è,0,2016-07-01,èŽŽèŽ‰Â·è²å°”å¾·å¥½å¯çˆ±
77,æ­¦åº·èŽŽè”“èŽŽ,https://www.douban.com/people/MayaDey/,allstar40 rating,æŽ¨è,0,2016-09-20,åœ¨æˆ‘çœ‹æ¥ï¼Œè¿™æ˜¯ä¸€éƒ¨ä»Žå¤´åˆ°å°¾éƒ½å¾ˆå¥½çš„å–œå‰§ç‰‡ã€‚
78,æµ®ç”Ÿè‹¥æ¢¦,https://www.douban.com/people/nodane/,allstar40 rating,æŽ¨è,0,2016-10-16,è€å¤ªå¤ªå¯ä»¥å¤šçœ‹çœ‹æˆ‘çš„å®¶é‡Œç©ºæ— ä¸€ç‰©ï¼Œä¹Ÿè®¸å›¤ç§¯ç™–æ—©æ²»å¥½äº†ã€‚åˆ«ç®¡å¤šå¤§çš„å¥³äººéƒ½æ†§æ†¬çˆ±æƒ…ï¼Œä½†æ˜¯é—ºèœœæ‰æ˜¯ä½ æœ€åšå®žçš„åŽç›¾ã€‚Live a littleã€‚è¿™å…¨ç‰‡é¥±æ»¡é²œè‰³çš„è‰²è°ƒï¼Œè®©æˆ‘è§‰å¾—è€å¹´ç”Ÿæ´»ä¹Ÿå¹¶æ²¡æœ‰é‚£ä¹ˆæš—æ·¡å•Šï¼Œå¥½åƒå¯¹æœªæ¥åˆæœ‰äº†ç‚¹ä¿¡å¿ƒã€‚
79,Kayces,https://www.douban.com/people/15920466/,comment-time ,2016-09-01 22:15:50,0,2016-09-01,(201609012201)
80,Bc&L,https://www.douban.com/people/68840016/,allstar30 rating,è¿˜è¡Œ,0,2016-10-07,è€å¥³äººçš„é’æ˜¥æ²»æ„ˆæ•…äº‹ï¼Œå¯æƒœå¤ªå¹³åº¸ï¼Œå¹³åº¸ä¸­ä¹Ÿæœ‰ç‚¹å°æ„ŸåŠ¨ï¼Œäººå•Šï¼Œè¦è¶å¹´è½»å¤šåšä¸€äº›æƒ³åšçš„äº‹ï¼Œç•™å¤ªå¤šé—æ†¾ä¼šåŽæ‚”çš„ã€‚
81,é»„è‰²åŠ¨åŠ›ä¼ž,https://www.douban.com/people/sifan121/,allstar40 rating,æŽ¨è,0,2016-07-29,è¿™æ ·çš„é¢˜æä»€ä¹ˆæ—¶å€™æ‰èƒ½åœ¨ä¸­å›½è¢«æ‹å‡ºæ¥
82,é†‰æ¸…é£Žtonight,https://www.douban.com/people/lian0070/,allstar40 rating,æŽ¨è,0,2016-07-28,å…³é”®è¯ï¼šæˆé•¿ï¼Œå¯»æ‰¾è‡ªæˆ‘ã€‚å’Œçˆ±æƒ…æ— å…³
83,æ¡¥æœ¬åç«‹,https://www.douban.com/people/july0707/,allstar30 rating,è¿˜è¡Œ,2,2016-10-15,æœ‰äººè¯´çœ‹ç€ä¸€æŠŠå¹´çºªè¿˜è¦æƒ¦è®°ä¸å±žäºŽè‡ªå·±çš„å°é²œè‚‰æ„Ÿè§‰å¾ˆå¿ƒé…¸ï¼Œæ²¡æœ‰å°½æƒ…ä¸ºè‡ªå·±æ´»è¿‡ã€‚exo meï¼Ÿè¿™ä¸ªå¹´çºªä¾ç„¶æ‰Žé²œè‰³å‘å¸¦ç©¿ç€å°‘å¥³çŸ­è£™æŠ¹ç€ç²‰å«©å”‡è†æˆ´ç€çŒ«çœ¼çœ¼é•œï¼Œä¸ºäº†å¸…æ°”å°é²œè‚‰å°‘å¥³å¿ƒãƒ‰ã‚­ãƒ‰ã‚­ï¼Œè¿™æ‰å«å°½æƒ…æ´»è¿‡å¥½å—ã€‚
84,å¤è‰åŠ ,https://www.douban.com/people/36008103/,allstar30 rating,è¿˜è¡Œ,1,2016-11-13,å˜²ç¬‘å¤§å¦ˆä¸€ç›´YYçš„ï¼Œæˆ‘ä»¬åˆæœ‰è°æ¯”å¥¹æ›´å‹‡æ•¢
85,å¹³è¶³å°æ€ªå…½,https://www.douban.com/people/dorothy.C/,allstar40 rating,æŽ¨è,0,2016-07-25,å–œæ¬¢ã€‚
86,èœœæŸ‘é¤¡çš„æº«æ–‡é…¥,https://www.douban.com/people/77212612/,allstar20 rating,è¾ƒå·®,0,2017-05-03,å¾ˆå°·å°¬åˆå¾ˆæš–çš„æ„Ÿè¦ºï¼Œä½†è™•åœ¨æ¯å€‹å¹´é½¡éƒ½çœŸçš„è¦è‡³å°‘æœ‰8æˆæˆ–ä»¥ä¸Šèˆ‡è©²å¹´ç´€ç›¸ç¬¦çš„å¿ƒï¼Œä¸æ˜¯å—Žï¼Ÿè€å¤ªå¤ªé…å°é¹¿äº‚æ’žçš„å°‘å¥³å¿ƒï¼Œè‚¯å®šæœƒåªæœƒæžäº‹æƒ…å•Šâ‹¯æ²’è¦ºå¾—æœ‰å¥³æ¬Šçš„æ„æ€å•Šâ‹¯å¥¹çš„å…§å¿ƒå°±æ˜¯å€‹13æ­²å°‘å¥³ï¼Œé€™å°±å¾ˆè¦å‘½äº†â‹¯
87,bloodmoon,https://www.douban.com/people/hippiecar/,allstar30 rating,è¿˜è¡Œ,0,2016-12-26,å“ˆå“ˆå“ˆå“ˆå“ˆï¼Œä¿æŒçº¯æƒ…
88,å·¦å„¿,https://www.douban.com/people/lefter/,allstar30 rating,è¿˜è¡Œ,0,2016-11-27,LGBT kindergartenä»€ä¹ˆçš„ï¼Œå„ç§é»‘çº½çº¦diversityå¤ªé€—äº†ã€‚æ€»è„‘è¡¥å¥³ä¸»å°±æ˜¯å†è€åå²çš„kristen wiig
89,èœ‰è£,https://www.douban.com/people/lephemera/,allstar30 rating,è¿˜è¡Œ,0,2016-07-04,å¹»æƒ³ä¹‹çˆ±æ‰æ›´çœŸå®žã€‚
90,å†¬è´ä¸Ž9-13åˆºé’,https://www.douban.com/people/tattoo9-13/,allstar20 rating,è¾ƒå·®,0,2016-12-09,ä»Žæ²¡çœ‹è¿‡è¿™ä¹ˆå¤§å¹´é¾„çš„æˆé•¿æ ‡ç­¾å½±ç‰‡
91,[å·²æ³¨é”€],https://www.douban.com/people/lolimo909/,allstar10 rating,å¾ˆå·®,2,2016-08-22,è¿™ç‰¹ä¹ˆæ˜¯è®²å¥³æƒï¼Ÿè¿™ç”šè‡³æ²¡æœ‰è¡¨çŽ°å‡ºåƒã€Šæœ€åŽçš„å‡æœŸã€‹ä¸­å¥³ä¸»å› ä¸ºçƒ­çˆ±ç”Ÿæ´»ä»¤äººè€ŒæŒ¯å¥‹äººå¿ƒã€‚è¿™åªä¸è¿‡æ˜¯ä¸€ä¸ªæ‚£æœ‰æ‹ç‰©ç™–çš„å±Œä¸å¥³è‡ªå¯¼è‡ªæ¼”çš„ä¸€åœºç™½æ—¥æ¢¦ç½¢äº†ã€‚
92,å¶æž•,https://www.douban.com/people/DanP/,allstar50 rating,åŠ›è,1,2016-07-11,è€å°‘å¥³ä¸è®©äººè®¨åŽŒå…¶å®žæ˜¯ä»¶éžå¸¸éš¾çš„äº‹æƒ…ï¼Œä½†åšåˆ°äº†å°±èƒ½è®©äººå–œæ¬¢åˆ°å¿ƒé‡Œã€‚å¸Œæœ›æ¯ä¸€ä¸ªå¯çˆ±çš„äººéƒ½èƒ½ç™½å‘ä¸‰åƒä¸ˆï¼Œå¿ƒä½å°å¨‡å¨˜ã€‚
93,é¦™è‰wawa,https://www.douban.com/people/vanilla1991/,allstar40 rating,æŽ¨è,1,2016-10-29,æˆ‘èŽŽèŽ‰é˜¿å§¨å°‘å¥³å¿ƒçˆ†å•¦ï¼
94,Fish,https://www.douban.com/people/lxy250/,allstar40 rating,æŽ¨è,0,2017-10-16,é‡Œé¢çš„æ­Œå¥½å¥½å¬
95,å¼ åº“å²‘,https://www.douban.com/people/7083923/,allstar50 rating,åŠ›è,2,2016-06-09,endingå¥½è¯„ï¼æ¯”inceptionè¦å¥½
96,ä¹æš–,https://www.douban.com/people/134002125/,allstar40 rating,æŽ¨è,0,2017-08-24,8/10ã€‚çœŸå°‘å¥³ç”µå½±ï¼Œçœ‹çš„è¿‡ç¨‹éžå¸¸æ„‰æ‚¦å’Œäº«å—ã€‚åªå¸Œæœ›æ‰€æœ‰äººè€äº†ä¹‹åŽéƒ½èƒ½æœ‰è¿™ä»½å‹‡æ°”ã€‚
97,æŽåŽåŽ¨,https://www.douban.com/people/sevengrass/,allstar30 rating,è¿˜è¡Œ,0,2018-09-14,ä»·å€¼è§‚ä¸Šå®žåœ¨æ˜¯æœ‰ç‚¹æŽ¥å—ä¸äº†â€¦â€¦
98,é¥¥é¥¿è‰ºæœ¯å®¶,https://www.douban.com/people/hackey/,allstar40 rating,æŽ¨è,0,2016-08-30,æˆ‘å’Œè€é‚¢çš„æ™šå¹´ç”Ÿæ´»
99,â˜†,https://www.douban.com/people/54463555/,allstar40 rating,æŽ¨è,0,2016-07-09,Sally Fieldï¼å°±çœ‹å¥¹çš„è¡¨æ¼”å°±å€¼äº†ï¼
100,ä¸å­¤ç‹¬çš„æ—…è¡Œå®¶,https://www.douban.com/people/2713839/,allstar40 rating,æŽ¨è,0,2016-12-25,"70å²çš„èŽŽèŽ‰å¤§å¦ˆæŠŠä¸­å¹´å¦‡å¥³çš„å¨‡ç¾žï¼Œå°‘å¥³å¿ƒï¼Œå½·å¾¨å’Œå°æƒ…ç»ªè¡¨æ¼”å¾—ç”ŸåŠ¨æžäº†ã€‚A week have 7 days, and someday is not one of them. è¶ç€å¹´è½»è¦å¤šç–¯å¤šå°è¯•ï¼Œæ‰èƒ½ä¸æž‰æ­¤ç”Ÿå•Šç§‘ç§‘ã€‚"
101,å‡¹å‡¸,https://www.douban.com/people/mr_tree/,allstar40 rating,æŽ¨è,0,2016-07-26,æ ‡è®°çš„ç¬¬2000éƒ¨çœ‹è¿‡ Sally Fieldå¤ªæ£’å•¦ï¼
102,å´å¼‚.nova,https://www.douban.com/people/waitingbaby/,allstar30 rating,è¿˜è¡Œ,0,2016-10-16,è™½ç„¶æ²¡å¯èƒ½ï¼Œä½†è¿½ä¸€è¿½æœªå°ä¸å¯
103,åŸºç‘žå°”,https://www.douban.com/people/stevecarell/,allstar40 rating,æŽ¨è,0,2016-06-25,è€é˜¿å§¨é­é‡å°‘å¥³å¿ƒæƒ³â€œåƒâ€å°é²œè‚‰çš„ä¿—å–‡æ¡¥æ®µç«Ÿç„¶è¢«Sallyæ¼”å¾—å¦‚æ­¤è‡ªç„¶å’Œå¯çˆ±ï¼Œä¸æ¯«ä¸è§‰å¾—çªå…€ã€‚é‚£äº›å¶å°”æœ‰çš„å°è„‘æ´žæ›´æ˜¯é”¦ä¸Šæ·»èŠ±ï¼Œè¿žå¸¦ç€æˆ‘å¯¹Max Greenfieldéƒ½å¤´ä¸€æ¬¡å–œæ¬¢èµ·æ¥äº†ã€‚ã€ç‰‡ä¸­Beth Behrså°å°å”±äº†å‡ å¥ï¼Œè›®å¥½å¬çš„~ã€‘æ˜¯ä¸€éƒ¨éžå¸¸æµç•…éžå¸¸æƒŠå–œçš„ç”µå½±ï¼Œå¸Œæœ›è‡ªå·±çš„60å²ä¹Ÿèƒ½åƒDorisä¸€æ ·å“ˆå“ˆ
104,ä¸­å ‚çš„ä¸–ç•Œ,https://www.douban.com/people/66168101/,allstar40 rating,æŽ¨è,0,2018-03-03,å’Œå¥³å‹ä¸€èµ·çœ‹çš„ï¼Œè¿˜è°ƒä¾ƒå¥¹è€äº†ä¼šä¸ä¼šä¹Ÿè¿™æ ·å……æ»¡å°‘å¥³å¿ƒåˆ°å¤„æ’©æ±‰ï¼Ÿä¸ºé˜¿å§¨ä¸½èŽŽè²å°”å¾·çš„æ¼”æŠ€ç‚¹èµžï¼Œ70å¤šå²çš„äººäº†ï¼Œä¸€ç‚¹è¿å’Œæ„Ÿä¹Ÿæ²¡æœ‰ï¼ŒçœŸçš„æ˜¯æœ‰è¶£çš„çµé­‚ï¼Œæ¢åšæ˜¯20å¤šå²çš„å°‘å¥³çš®å›Šæˆ–è®¸å°±ç›´æŽ¥æ‹¿ä¸‹ç‰‡ä¸­å°å“¥ã€‚è¿˜æ˜¯å¾ˆæ„Ÿå¹ç‰‡ä¸­çš„ä¸€å¥è¯ï¼šæ—¥æœŸä»Žå‘¨ä¸€åˆ°å‘¨æ—¥ï¼Œè€Œâ€œæœ‰ä¸€å¤©â€ä»Žæ¥ä¸å±žäºŽè¿™7å¤©ã€‚ä¹Ÿä¸ºä¸€è¾ˆå­çš„é—ºèœœæƒ…ç‚¹èµžï¼
105,æ¶¼çš®å…’,https://www.douban.com/people/50398793/,allstar30 rating,è¿˜è¡Œ,0,2016-04-28,2.5 å”‰ æš—æˆ€çš„äººå’Œå­¤ç¨çš„äºº åˆ°åº•å“ªå€‹æ›´å¯æ¥å‘¢
106,è‰²çƒˆèŠ¬_,https://www.douban.com/people/69475039/,allstar30 rating,è¿˜è¡Œ,0,2016-06-10,ç”µå½±å‰§æƒ…ç®€å•å¯æ˜¯æ¼”å‘˜æ¼”æŠ€çˆ†æ£š æ‹¿æ¥æ¶ˆç£¨æ—¶é—´ä¸é”™ å¼€æ”¾å¼ç»“å±€åŠ ä¸€æ˜Ÿ Carolineå¤§å½©è›‹ï¼è¿™ç”µå½±æ•™æˆ‘ä»¬å¤±æ‹äº†åº”è¯¥æŠŠæ‰€æœ‰çš„ä¼šéš¾è¿‡çš„ä¸œè¥¿æ‰”æŽ‰ åº”è¯¥æ‰¾ä¸ªå¥½æœ‹å‹å¥½å¥½èŠå¤©è®©ä½ çŸ¥é“ä¸–ç•Œä¸Šä¸æ­¢çˆ±æƒ… åº”è¯¥å¥½å¥½é‡æ‹¾è‡ªå·±çš„è‡ªå°Šå“ªæ€•ä½ æ›¾ç»å¤šä¹ˆçš„æ²¡æœ‰å®‰å…¨æ„Ÿ é“ç†æˆ‘éƒ½æ‡‚ å¯æ˜¯ä¹‹äºŽè‡ªå·±å´è¿˜æ˜¯æ”¾ä¸ä¸‹è–›å§‘å¨˜ã€‚
107,æ¢¦é‡Žåƒç§‹,https://www.douban.com/people/54101366/,allstar30 rating,è¿˜è¡Œ,0,2016-11-07,è™½ç„¶å¥—è·¯éƒ½èƒ½çŒœå¾—åˆ°ä½†æ€»ä½“è¿˜ç®—æœ‰è¶£ã€‚æœ€å¤§çœ‹ç‚¹æ˜¯è€å¹´äººçš„å¹´è½»æ€ã€‚
108,Valaroma,https://www.douban.com/people/greenpeaser/,allstar30 rating,è¿˜è¡Œ,0,2016-06-09,çœŸÂ·å°‘å¥³å¿ƒã€‚ä¹Ÿè®¸çœŸæœ‰æ°¸è¿œä¸ä¼šè€çš„å¿ƒã€‚
109,Later,https://www.douban.com/people/Jensen4ever/,allstar40 rating,æŽ¨è,0,2016-06-29,çœŸçš„è§‰å¾—çœ‹åˆ°äº†è€å¹´ç‰ˆçš„è‡ªå·±å“ˆå“ˆå“ˆå“ˆå“ˆ ç‚’é¸¡å¤šç†Ÿè„¸ ç¾Žå‰§å¤§æ‚çƒ©hhh
110,é€šå”,https://www.douban.com/people/47983459/,allstar40 rating,æŽ¨è,0,2016-09-26,çœ‹ä¸ŠåŽ»æ˜¯è€å¹´äººè¿½æ±‚çœŸçˆ±çš„æ•…äº‹ï¼Œæˆ‘è§‰å¾—ï¼Œæ˜¯è¿½æ±‚äººç”Ÿå‰©ä½™ä»·å€¼çš„æ•…äº‹ï¼Œæ€»å¾—èµ°å‡ºåŽ»ï¼Œæ‰å›žè±ç„¶å¼€æœ—ã€‚
111,ç¬‘ç¬‘ç¬‘ç¬‘ç¬‘,https://www.douban.com/people/4594990/,allstar30 rating,è¿˜è¡Œ,0,2016-07-04,æˆ‘è§‰å¾—dorisè¿˜è›®å¯çˆ±çš„å•Šï¼Œæ‰®ç›¸è·Ÿé¾™å¦ˆæ¼”çš„é‡è§ä½ ä¹‹å‰å¥½åƒå•Šï¼Œæ„Ÿè§‰æ‰®ç›¸å°±æ˜¯è€å¹´ç‰ˆçš„é¾™å¦ˆ
112,ï¼°ï¼¯ï¼£ï¼«ï¼¹,https://www.douban.com/people/lovelypocky/,allstar30 rating,è¿˜è¡Œ,0,2016-11-11,o fuck åˆæ˜¯å¼€æ”¾ç»“å±€ðŸ˜‚å’Œå¼Ÿå¼Ÿåµæž¶é‚£åœºæˆå“­äº†
113,è–„è·è‰²è‰åœ°,https://www.douban.com/people/37948667/,allstar30 rating,è¿˜è¡Œ,0,2017-07-31,è€å¤ªå¤ªç©¿å¾—å¥½å¯çˆ±å•Šï¼é¢œè‰²é²œè‰³ä½†æ˜¯å¾ˆæœ‰å¤å¤èŒƒå„¿ï¼Œå°‘å¥³å¿ƒæˆ³èŒç‚¹ï¼Œç”·ä¸»ä¹Ÿä¸é”™ï¼Œä¸è¿‡çŽ°å®žä¸­ä¸å¤ªå¯èƒ½ã€‚
114,æ˜¨å¤©å¼€å§‹å‘éœ‰,https://www.douban.com/people/wonjin/,allstar40 rating,æŽ¨è,0,2017-02-21,å¥½éš¾è¿‡å•Š(à²¥_à²¥) è€å°‘å¥³ï¼Œçœ¼é‡Œåªæœ‰é²œè‚‰ï¼Œstkï¼Œmaniacï¼Œæ˜¯æˆ‘(à²¥_à²¥)ã€‚æ…äº†ä¸€å›¢å¤§å±Žç»™å¤§å®¶åˆ¶é€ ç¬‘ç‚¹ï¼Œç„¶åŽé†’æ‚Ÿæ‹æ‹å±è‚¡å¼€å¯æ–°äººç”Ÿï¼šæ˜¯æ—¶å€™é•¿å¤§äº†ï¼ï¼ˆè™½ç„¶å·²ç»60äº†ï¼‰å¤©ï¼ç”µæ¢¯èƒ½ä¸èƒ½ç­‰ä¸€ç­‰ï¼ï¼ï¼
115,JenIna,https://www.douban.com/people/1105624/,allstar30 rating,è¿˜è¡Œ,0,2017-06-14,å—¯å¯æƒœæ²¡æœ‰ä¸€æ°”å‘µæˆçœ‹â€¦â€¦
116,ä¹”å°å›§,https://www.douban.com/people/ourorz/,allstar30 rating,è¿˜è¡Œ,0,2016-12-30,æžœç„¶æ˜¯ç¾Žå›½æ­£èƒ½é‡ï¼šè¢«å«Œå¼ƒçš„ç¾Žå›½æ¾å­ï¼Œä¾ç„¶å¾—æœ‰ä¸æ”¾å¼ƒã€æ–­èˆç¦»çš„åŽåŠç”Ÿã€‚ä¸‰æ˜ŸåŠã€‚
117,ä½•æ±‚ç¾ŽäººæŠ˜,https://www.douban.com/people/43966741/,allstar30 rating,è¿˜è¡Œ,0,2016-06-10,ç²‰ç²‰å°‘å¥³å¿ƒã€‚ç”·ä¸»è§’å°å¸…ï¼Œå¯æƒœå¥½å°´å°¬ï¼Œæ²¡åœ¨ä¸€èµ·æ˜¯å¯¹çš„ã€‚æ¢¦ä¸€åœºã€‚
118,neverbird,https://www.douban.com/people/1381065/,allstar30 rating,è¿˜è¡Œ,1,2016-06-06,i don't want to be a loser like her. but least she's not a coward.
119,åœ£å¢Ÿ,https://www.douban.com/people/152833029/,allstar40 rating,æŽ¨è,0,2017-01-13,æš—æ‹è¿™ä»¶å°äº‹ï¼Œä»€ä¹ˆå¹´çºªéƒ½ä¸€æ ·
120,Sugar,https://www.douban.com/people/2850261/,allstar40 rating,æŽ¨è,0,2016-10-02,æˆ‘ä¸å¸Œæœ›è‡ªå·±è€äº†ä¹Ÿä¼šè¿™ä¹ˆå¯ç¬‘åˆå¯æ€œã€‚psï¼šè¥é€ å‡ºäº†æ³•å¼æµªæ¼«çš„æ°›å›´
121,YeeLam,https://www.douban.com/people/marissatsui/,allstar40 rating,æŽ¨è,0,2018-12-17,æˆ‘å–œæ­¡æ¯ä¸€å¥—è¡£æœã€‚
122,æš—åœ°å¦–å¨†,https://www.douban.com/people/1495292/,allstar50 rating,åŠ›è,0,2016-06-08,å¤šä¹ˆå¯çˆ±çš„ç»“å°¾ï¼Œè®©äººå……æ»¡ä¸æ˜Žæ™ºçš„å¸Œæœ›ã€‚
123,â˜€edisonâ„¢,https://www.douban.com/people/edison1112/,allstar30 rating,è¿˜è¡Œ,0,2018-01-28,Life is interesting because of those silly things. Rationality makes you cold-blooded.
124,æ£µæ£µä¸‰åˆ†ç”œ,https://www.douban.com/people/95592443/,allstar40 rating,æŽ¨è,1,2016-06-26,è¿™å¹¶ä¸æ˜¯å•çº¯ä¸€ä¸ªè€é˜¿å§¨çˆ±ä¸Šå°ä¼™å­çš„çˆ±æƒ…æ•…äº‹ï¼Œæ˜¯è‡ªæˆ‘æ•‘èµŽå’Œæˆé•¿ã€‚ç»“å±€åœ¨ä¸åœ¨ä¸€èµ·ä¸é‡è¦ï¼Œå‘å‰çœ‹æ‰æ˜¯ã€‚å…¶å®žè¿˜èƒ½æŒ–å¾—æ›´æ·±ç‚¹ã€‚
125,é¸ æ‘©æ™º,https://www.douban.com/people/52063887/,allstar50 rating,åŠ›è,1,2016-11-09,ä¸çŸ¥é“ä¸ºä»€ä¹ˆï¼Œæ€»æ˜¯å¾ˆå–œæ¬¢è¿™ä¸ªèŠ‚å¥çš„ç”µå½±ï¼Œå¤§æ¦‚è¿™ç±»ç”µå½±å°±æ˜¯ä¸€ä¸ªå½©è‰²çš„ç³–æžœç›’ï¼Œä½ ä¹Ÿä¸çŸ¥é“ä¸‹ä¸€é¢—å€’åœ¨æŽŒå¿ƒçš„å“ªä¸ªé¢œè‰²å°±å¯¹äº†ä½ çš„èƒƒå£ã€‚å¤šè•¾ä¸å¯¹å¹´è½»çš„èº«ä½“çš„è§Šè§Žï¼Œå¯¹è¡°è€çš„è‡ªå·±çš„æ— å¥ˆï¼Œåœ¨ä¸€æ¬¡åˆä¸€æ¬¡çš„äº‰åµé¢å‰ï¼Œæ—¢æ€¥ä¸å¯å¾…ï¼Œåˆç•æ‰‹ç•è„šã€‚æ‰€æœ‰ä¸æ„¿æœè¾“çš„å°è¯•ï¼Œæ‰€æœ‰æ¬²è¯´è¿˜ä¼‘çš„å¼ æœ›ï¼Œéƒ½é‚£ä¹ˆç¾žè€»ï¼ŒåˆçœŸå®žã€‚
126,Daisy cat,https://www.douban.com/people/Dasiycat/,allstar40 rating,æŽ¨è,0,2016-06-27,è¢«Dorisçš„è„‘æ´žç¬‘æƒ¨äº†ï¼ŒåŒæ—¶åˆè§‰å¾—ä»»ä½•å¹´é¾„æ®µçš„å¥³äººå¤§æ¦‚éƒ½ä¼šæœ‰è¿‡è¿™æ ·çš„è„‘æ´žå§ï¼Œè€Œä¸”ä¸è®ºå¤„äºŽä»€ä¹ˆæ ·çš„äººç”Ÿé˜¶æ®µï¼Œæˆé•¿æ˜¯ä¸åœæ­¢çš„ï¼Œæ€»ä¼šä»Žå„ç§å„æ ·çš„ç»åŽ†ä¸­å¸å–æ•™è®­æˆ–å¾—åˆ°å¯å‘
127,Hancock,https://www.douban.com/people/7755053/,allstar40 rating,æŽ¨è,0,2016-10-18,è€å¹´ç‰ˆä¹‹mission I'm possible
128,å¥‡å°ä¸€,https://www.douban.com/people/150938101/,allstar30 rating,è¿˜è¡Œ,0,2017-07-23,æ°”æ°›è¥é€ å¾—å¾ˆå¥½ï¼Œéƒ½å¸‚æ°”æ¯å¾ˆæµ“ï¼Œä¹ä¸€çœ‹è¿˜æŒºè´´åˆ‡ç”Ÿæ´»çš„ï¼ŒDorisè¿™ä¸ªè§’è‰²è¢«å†™å¾—å¾ˆç«‹ä½“ï¼Œå¥¹çš„ä¸åˆ‡å®žé™…æ›´æ˜¯ä¸ºç”µå½±å¢žåŠ äº†ä¸å°‘çš„ç¬‘æ–™ï¼Œä¸è¿‡æ¯•ç«Ÿæ˜¯ç”µå½±ï¼Œä¸€åˆ‡éƒ½ä¸æ˜¯é‚£ä¹ˆçœŸå®žï¼Œæ‰€ä»¥çœ‹å®Œäº†è¿˜æ˜¯è§‰å¾—æ„Ÿè§¦ä¸æ·±ã€‚
129,ç±³è¢„å–‚å–‚,https://www.douban.com/people/Jennytakun/,allstar50 rating,åŠ›è,0,2016-07-10,She's HOT!
130,sane lunatic,https://www.douban.com/people/52658283/,allstar20 rating,è¾ƒå·®,0,2016-07-21,æ‚²å‰§
131,é»‘çœ‰ä¸‹çš„ç»¿çœ¼ç›,https://www.douban.com/people/2718689/,allstar30 rating,è¿˜è¡Œ,0,2016-12-11,å¥³ä¸»çš„äººç”Ÿåªæ˜¯æ™šä¸€äº›å¼€å§‹ã€‚
132,karenlin,https://www.douban.com/people/48666472/,allstar40 rating,æŽ¨è,0,2016-05-05,çˆ±æ˜¯ç–¯ç‹‚çš„ï¼Œæ„¿æ¯æ®µçˆ±éƒ½èƒ½å¸¦ç»™æˆ‘ä»¬æˆé•¿ã€‚Doriså¤ªå¯çˆ±äº†ï¼ŒSally Fieldæ¼”æŠ€ç‚¸è£‚åŠŸä¸å¯æ²¡ï¼ä¸‰æ®µè„‘è¡¥å¤ªæ¬¢ä¹~
133,Cynthia,https://www.douban.com/people/cynthiachang/,allstar40 rating,æŽ¨è,1,2016-09-04,å¦‚æžœæŠŠäººç‰©è®¾å®šæ¢æˆä¸€ä¸ªå‘¨äºŒå°å¥³ç”Ÿ è¿™å‰§æƒ…å°±æ²¡é‚£ä¹ˆæœ‰è¶£äº† Dorisçš„äººç‰©è®¾å®šå…¶å®žå’Œä»»ä½•ä¸€ä¸ªå•ç›¸æ€çš„å°å¥³ç”Ÿä¸€æ¨¡ä¸€æ · å¥¹å¬ä»–çˆ±å¬çš„éŸ³ä¹ åŽ»ä»–çˆ±åŽ»çš„åœ°æ–¹ æ²¡äº‹æƒ³å’Œä»–å” å—‘ å«‰å¦’ä»–æœ‰æ–°æ‹æƒ… ç”šè‡³å‡è£…è‡ªå·±å¤±æ‹äº†å‘è„¾æ°” æœ€åŽ çˆ±æƒ…çš„æˆå°±ä¼¼ä¹Žä¸æ˜¯æœ€é‡è¦çš„ è€Œæ˜¯ç»åŽ†ä¸€åˆ‡ä»¥åŽæ›´å¥½çš„è‡ªå·±
134,ç°è²“è‰²ç¢¾å…”çŒ»é»‘,https://www.douban.com/people/MoiNightingale/,allstar20 rating,è¾ƒå·®,0,2016-11-12,è€å¤ªå¤ªçš„é€ åž‹é‚„æ˜¯æŒºå¯æ„›çš„ï¼Œè…¦å…§å°åŠ‡å ´çŽ©å¾—ä¹Ÿæ˜¯æºœï¼Œçœ‹å¾—æˆ‘è…¦è¢‹ç–¼â€¦â€¦å¦‚æžœé€™å°±å«å°‘å¥³å¿ƒï¼Œé€™è¾¦çš„äº‹å…’ä¹Ÿå¤ªâ€¦â€¦å°·å°¬äº†å§ï¼Ÿåˆ¥èªªå…­åæ­²ï¼Œå°±ç®—åå…­æ­²æƒ…å•†ä¹Ÿä¸æœƒä½Žæˆé€™æ¨£äº†å§â€¦â€¦
135,å¼ å›å®,https://www.douban.com/people/wen_Schwartz/,allstar20 rating,è¾ƒå·®,0,2016-07-11,é˜¿ç”˜ä»–å¦ˆç‹ å•ƒå°é²œè‚‰ï¼Œç¡…è°·å·´åŸºæ–¯å¦ç”·ç»ˆå˜å¼¯ï¼Œç ´äº§å§å¦¹ä½ è¯´çœ‹çœ‹ç²¾ç¥žåŒ»ç”Ÿçš„æ˜¯maxå—ï¼Ÿä¸ç®¡æœ‰å¤šè€ï¼Œäººäººéƒ½æ˜¯å°å…¬ä¸¾ã€‚èŠ±é‡Œèƒ¡å“¨çš„å±¯ç‰©ç™–è€å¥³äººä¸ºçˆ±å¹»æƒ³ï¼Œå—æŒ«åŽçš„å¥‹èµ·çš„å¤§é¾„èŒåœºçˆ±æƒ…å¹»æƒ³å–œå‰§ã€‚
136,å–³,https://www.douban.com/people/Orange_Rene/,allstar40 rating,æŽ¨è,0,2017-03-27,å¯çˆ±
137,æ­£ä¹‰ä¼™ä¼´å¼ å¤§èƒ†,https://www.douban.com/people/Tetsuling/,allstar50 rating,åŠ›è,0,2017-12-14,å¥‡å¼‚åœ°å‡»ä¸­äº†æˆ‘ã€‚Doriså¹´è½»çš„æ—¶å€™æ¯”ç”µå½±é‡Œçš„æ‰€æœ‰å¹´è½»å¥³æ¼”å‘˜åŠ èµ·æ¥éƒ½è¦ç¾Žï¼ŒéŸ³ä¹æœ‰ç‚¹å¿§ä¼¤ï¼Œæœ‰ç‚¹clichÃ©ï¼Œæ°åˆ°å¥½å¤„
138,å¤©å¤–é£žé’,https://www.douban.com/people/63531003/,allstar20 rating,è¾ƒå·®,0,2016-06-06,å°±è·Ÿå……æ°”å¨ƒå¨ƒä¹‹æ‹ä¸€æ ·ï¼Œçœ‹è¿™ç§ç”µå½±æ—¶éžå¸¸åˆ«æ‰­ï¼Œä¸åªæ˜¯è¿åå¸¸è¯†çš„é—®é¢˜ï¼Œè¿˜æœ‰æ˜¯ä¸æ˜¯å€¼å¾—æŽ¨å¹¿ä¸åˆ‡å®žé™…çš„æ¢¦æƒ³ï¼Œå¹¶ä¸”æŠŠå®ƒå½“åšå–œå‰§æ¥æ¸²æŸ“ã€‚åœ¨æˆ‘è¿™é‡Œæœ‰èŽ«åæ‚²å“€çš„åä½œç”¨ï¼Œä¹Ÿè®¸æ˜¯æˆ‘å†…å¿ƒä¸å¤Ÿå¼ºå¤§ï¼Œä¸æ„¿æ„å°è¯•å†’é™©ã€‚ä¹Ÿè®¸æˆ‘å¤ªç†æ™ºï¼Œç†æ™ºåˆ°æ‹’ç»æŽ¥å—è’è°¬ã€‚
139,SchwarzgrÃ¼n,https://www.douban.com/people/sangele/,allstar40 rating,æŽ¨è,1,2016-06-19,è°è¯´å¹´é¾„å¤§äº†å°±ä¸èƒ½æ‹çˆ±
140,è‹ç™½å¢¨,https://www.douban.com/people/47005039/,allstar40 rating,æŽ¨è,0,2016-12-03,ä¸ºç‰‡å°¾æ›²åŠ ä¸€æ˜Ÿ
141,Trillian,https://www.douban.com/people/triciamcmillian/,allstar30 rating,è¿˜è¡Œ,0,2017-08-24,æ•´éƒ¨ç”µå½±å°±åƒå¥¶æ²¹è›‹ç³•ä¸Šæœ€ç”œçš„ä¸€é¢—æ¨±æ¡ƒï¼ŒBittersweetçš„ç»“å°¾è®©äººå”å˜˜ä¸å·²ã€‚æ¯ä¸ªäººåœ¨çˆ±æƒ…é‡Œéƒ½æ˜¯Dorisã€‚ä½†æ˜¯å›¤ç§¯ç‹‚çš„è®¨è®ºå­˜åœ¨ä¸€ä¸ªé—®é¢˜ï¼Œæ€ªç™–åœ¨å¤šå¤§ç¨‹åº¦ä¸Šç®—æ˜¯ä¸€ç§å¿ƒç†éšœç¢ï¼Œå¤šå¤§ç¨‹åº¦ä¸Šç®—æ˜¯ä¸ªæ€§ç‰¹è´¨? ä¼ ç»Ÿæ„ä¹‰çš„çŸ«æ­£å°±æ˜¯ä¸€ç§æ­£ç¡®å—ï¼Ÿ
142,ä¸ƒå°å§Claudia,https://www.douban.com/people/21771687/,allstar30 rating,è¿˜è¡Œ,0,2016-08-27,æˆ‘è§‰å¾—è‡ªå·±è€äº†åº”è¯¥æ¯”å¥¹å¥½ä¸äº†å¤šå°‘ï¼Œä½†æ˜¯ä¼°è®¡ä¼šæ›´æœ‰å°Šä¸¥ä¸€äº›å§
143,NemoStudio,https://www.douban.com/people/muyuxiaoxiao/,allstar40 rating,æŽ¨è,0,2016-06-30,nice
144,æ²ˆåå…­,https://www.douban.com/people/shenshiliu/,allstar20 rating,è¾ƒå·®,1,2017-01-05,æ¼”æŠ€åœ¨çº¿ï¼Œè®¾å®šæœ¬èº«å°±ä¸æ˜¯ä¸ºäº†çˆ±æƒ…ï¼Œä¸ªäººæ„è¯†è§‰é†’å¾ˆé‡è¦ã€‚
145,Orange,https://www.douban.com/people/orange450046/,allstar40 rating,æŽ¨è,0,2016-09-07,æœ‰å–œåŠ‡çš„å…ƒç´ æ¯”å¦‚é»‘äº†ä¸€æŠŠhipsterã€‚ã€‚ä½†ä¸­é–“çœŸçš„çœ‹å“­äº†ã€‚ã€‚ã€‚å¾ˆé›£èªªæˆ‘æ˜¯åŒæƒ…Dorisé‚„æ˜¯å®³æ€•è‡ªå·±è€çš„æ™‚å€™ä¹Ÿè®Šæˆä¸€å€‹å¯‚å¯žçš„æ€ªè€å¤ªå¤ªã€‚ã€‚ã€‚
146,ä½³å®,https://www.douban.com/people/liaojiafen/,allstar30 rating,è¿˜è¡Œ,0,2017-05-06,ä½ å¥½ï¼Œå°‘å¥³å¿ƒã€‚è¶ç€å¹´è½»å¥½å¥½è°ˆåœºæ‹çˆ±å§ã€‚
147,å¾·å·žå°ç”µé”¯è‘‰å­,https://www.douban.com/people/4480540/,allstar30 rating,è¿˜è¡Œ,0,2016-07-29,çœ‹åˆ°åŽé¢ç”µæ¢¯å£æ‹¥å»æ—¶ä¸€å †äººåœ¨å–Šä¸ï¼ä¸è¦åœ¨ä¸€èµ·ï¼ï¼å‘Šè¯‰æˆ‘è¿™æ˜¯å¹»æƒ³ï¼ï¼ï¼å“äººï¼å¯æ€•ï¼å“ˆå“ˆå“ˆå“ˆå“ˆå“ˆè¿˜å“ˆå“ˆå“ˆå“ˆï¼Œæš®å¹´è¿½çˆ±æ²¡é—®é¢˜ï¼Œå¯ä¸€æŠŠå¹´çºªäº†å´æ²¡æœ‰æ‹çˆ±çš„ä½“éªŒå®žåœ¨å¿ƒé…¸ï¼Œé™¤äº†è€å¥¶å¥¶åœ¨è„¸ä¹¦ä¸Šè€çš„å°æ‰‹æ®µæœ‰ç‚¹è®©äººä¸èˆ’æœä¹‹å¤–ï¼Œå°‘å¥³å¿ƒçš„åœ°æ–¹éƒ½æŒºå¥½çš„
148,æ¯”æµ·æ›´æ·±,https://www.douban.com/people/twofatttttttt/,allstar40 rating,æŽ¨è,0,2016-06-20,æ¯ä¸€ç§’éƒ½æ€•ä½ é™·å…¥çƒ‚ä¿—çš„å‰§æƒ…å“ˆ
149,å°y,https://www.douban.com/people/63993858/,allstar40 rating,æŽ¨è,0,2017-03-02,çœŸæ­£çš„çˆ±æƒ…è®©äººå­¦ä¼šæˆé•¿ï¼Œå¯¹äºŽDorisä¹Ÿæ˜¯ï¼Œå¥¹ç»ˆäºŽå†³å®šä¸¢æŽ‰å®¶ä¸­çš„æ— ç”¨æ—§ç‰©ï¼Œç»ˆäºŽå†³å®šè¾žèŒã€‚æ„ŸåŠ¨äºŽDorisçš„å‹‡æ°”ï¼Œå¥¹æ­¤å‰çš„äººç”Ÿä¸­æ²¡æœ‰è¢«çæƒœè¿‡ï¼Œå¸Œæœ›ä»ŠåŽçš„å¥¹ä¾ç„¶æ‹¥æœ‰è¿™ä»½æ— ç•ã€‚
150,é½å¤©å¤§å‰©,https://www.douban.com/people/xingzhesun/,allstar30 rating,è¿˜è¡Œ,0,2016-06-12,è¿˜æ˜¯å¾—æ‰¿è®¤æœ‰ä¸¤åœºæˆèŽŽèŽ‰ç‰›é€¼å•Šï¼›å…³äºŽå¿˜å¹´æ‹æƒ…ï¼Œå—¯ï¼Œä¸æ˜¯è¿™æ ·è¯´çš„ã€‚
151,X,https://www.douban.com/people/jonjon/,allstar50 rating,åŠ›è,1,2016-07-09,ä¸€ä¸ªæ¯å­è£…æ»¡æ°´ï¼Œå°±ä¸èƒ½å†ç››æ›´å¤šçš„æ°´äº†ï¼Œè¦ç»§ç»­è£…æ°´ï¼Œå”¯æœ‰å°†æ¯å­é‡Œçš„æ°´å€’ç©ºã€‚äººç”Ÿåˆä½•å°ä¸æ˜¯å¦‚æ­¤ï¼Œåªæœ‰å°†å¿ƒé‡Œçš„æ¯å­å€’ç©ºï¼Œå°†æ›¾ç»çš„è¾‰ç…Œã€å¤±è´¥éƒ½åœ¨å¿ƒæ€ä¸Šå½»åº•äº†ç»“æ¸…ç©ºï¼Œæ‰èƒ½ç”¨å´­æ–°çš„è‡ªæˆ‘åŽ»è¿ŽæŽ¥å´­æ–°çš„æœªæ¥ã€‚çˆ±æƒ…æˆ–è®¸ä¹Ÿæ˜¯å¦‚æ­¤ã€‚å¤šå¸Œæœ›å‡ åå¹´åŽè€åŽ»çš„æˆ‘ä»¬ä¹Ÿèƒ½åƒå¥¹ä¸€æ ·ï¼Œä¾ç„¶ç›¸ä¿¡çˆ±æƒ…ï¼Œä¿æŒä¸€ä»½çº¯çœŸã€‚
152,æ–¯éº¦å²­,https://www.douban.com/people/61317516/,allstar40 rating,æŽ¨è,2,2016-11-19,å–œæ¬¢Dorisäº”é¢œå…­è™½è‰²çš„è£™å­ï¼Œå–œæ¬¢å‡å‘ï¼Œå–œæ¬¢æµ“æµ“çš„å¦†å®¹ï¼Œå–œæ¬¢å’Œè¿™ä¸ªä¸–ç•Œæ ¼æ ¼ä¸å…¥çš„æ„Ÿè§‰â€¦â€¦è™½ç„¶äº‹å®žä¸Šæˆ‘ä¹Ÿå°±æ˜¯ä¸ªæ™®é€šäººï¼Œæ”¾äººå †å„¿é‡Œç»å£çœ‹ä¸å‡ºæ¥çš„é‚£ä¸€ç§ã€‚å—¯â€¦â€¦çœ‹è§æŸäº›äººæ„Ÿæ…¨ä¸è¦è€ï¼Œè¦è¶å¹´è½»ç¡ç”·äººâ€¦â€¦å‘ƒï¼Œæ˜¯ç”µå½±å¤ªå¤±è´¥äº†ï¼Œè¿˜æ˜¯â€¦â€¦ï¼Ÿï¼Ÿ
153,1é›¶ä¸€ä¸€,https://www.douban.com/people/Mrs.secret/,allstar30 rating,è¿˜è¡Œ,0,2016-07-31,ä¸»äººå…¬çš„è®¾å®šè¿˜æŒºå¥½çŽ©çš„ã€‚
154,Sparky | âœŸ,https://www.douban.com/people/sparkylee/,allstar40 rating,æŽ¨è,0,2016-10-06,ä¸€æ¢¦ã€‚
155,æ³¥å·´,https://www.douban.com/people/niba/,allstar30 rating,è¿˜è¡Œ,0,2016-12-19,å¿«è¿›ï¼Œå’Œæ—¥æœ¬é‚£ä¸ªå•¥ å®…å¥³ç‰‡ æœ‰å·®è·
156,å†·è¶´è¶´è¶´å·«å©†,https://www.douban.com/people/may5may/,allstar40 rating,æŽ¨è,0,2016-06-12,è€å¥³å­©å¯»çˆ±è®°
157,é‚±æµ®,https://www.douban.com/people/reyau/,allstar40 rating,æŽ¨è,0,2016-07-13,you re possible
158,é©¬ å¤‹,https://www.douban.com/people/june.q/,allstar40 rating,æŽ¨è,0,2016-07-19,é‚£ä¹ˆå­¤ç‹¬ï¼Œé‚£ä¹ˆå¯‚å¯žï¼Œä½†æ˜¯æ‰“ç ´å®ƒï¼Œä¸æ˜¯è¿Žåˆä»–ï¼Œè€Œæ˜¯æ”¹å˜è‡ªå·±ã€‚è‡³å°‘ï¼Œä¸è®©è‡ªå·±æ´»åœ¨è®°å¿†é‡Œï¼Œä¹ æƒ¯ä¸­ã€‚
159,è½»é£Žç¾½,https://www.douban.com/people/87019401/,allstar30 rating,è¿˜è¡Œ,0,2016-06-08,ç”·ä¸»æ˜¯é‚£ç§å¾ˆå¤šæƒ…çš„å¸…ï¼Œé™¤æ­¤è€Œå¤–è¡¨æ¼”ã€è¡£æœã€åœºæ™¯éƒ½å¤ªæŸå®äº†ï¼Œè´¨æ„Ÿä¸è¡Œã€‚è¿™ç‰‡æ¢ç§ä¸é‚£ä¹ˆæ¸©åžçš„æ‹æ³•ä¼šæ›´å¥½çœ‹ã€‚
160,sixxis,https://www.douban.com/people/sixxis/,allstar40 rating,æŽ¨è,0,2017-06-10,erï¼Œæ˜Žæ˜Žæ˜¯å¾ˆé…·çš„äººå•Šã€‚ã€‚ã€‚ã€‚
161,æ­¤å¿ƒå®‰å¤„æ˜¯å¾ä¹¡,https://www.douban.com/people/60504195/,allstar40 rating,æŽ¨è,0,2017-07-05,çˆ±æƒ…ä½•æ—¶æ¥ä¸´éƒ½ä¸ç®—æ™š
162,å…­å…”,https://www.douban.com/people/call.mily/,comment-time ,2016-07-30 00:11:36,0,2016-07-30,æˆ‘åŽŸè°…äº†æˆ‘çš„èŠ±ç—´ç—…
163,éº¦å‘€éº¦å‘€éº¦å¤§å¨˜,https://www.douban.com/people/38175644/,allstar30 rating,è¿˜è¡Œ,0,2016-06-27,è¿™ç§çˆ±æƒ…å°å“è¿˜çœŸæ˜¯çœ‹å¾—äººå°´å°¬ç™Œï¼Œä¸è¿‡ä¸ºäº†å¹´å°†ä¸ƒåçš„å½±åŽè¿˜æŽ¥äº†è¿™éƒ¨ç‰‡çš„å‹‡æ°”ï¼Œä¸‰æ˜Ÿï¼è·¨åº¦ä¸‰åå…­å²çš„ä¸¤ä¸ªäººæŽ¥å»çœŸçš„ä¼šå¼•èµ·è§‚ä¼—çš„ä¸é€‚æ„Ÿå•Šå–‚~è§‰å¾—Dorisåº”è¯¥åŽ»çœ‹çœ‹å¯¹é¢éº»è¡£ï¼Œå­¦ä¹ æ‰”ä¸œè¥¿çš„è‰ºæœ¯ï¼Œæ”¶é›†ç™–æ‹ç‰©ç™–å¹¶ä¸æ˜¯è¿™æ ·çš„ï¼Œè§è¿‡å¾ˆå¤šæ”¶è—ç™–ä¼šæŠŠè‡ªå·±çš„ä¸œè¥¿æ‘†æ”¾åœ°äº•äº•æœ‰æ¡ï¼ŒDorisåªæ˜¯æ— æ³•èˆå¼ƒè¿‡åŽ»é¢å¯¹æœªæ¥
164,å’¦ï¼Œå¤§è”,https://www.douban.com/people/hh0126/,allstar40 rating,æŽ¨è,0,2017-03-12,A little worried. åšä¸€ä¸ªæœ‰è¶£çš„äººå‘€ ä»Žå‰çš„Dorisä¸ºå®¶äººæ´»ï¼Œä»Žä»Šä»¥åŽè¦ä¸ºè‡ªå·±æ´»é˜¿ï¼
165,irvin,https://www.douban.com/people/3173862/,comment-time ,2016-10-17 23:48:25,0,2016-10-17,è™½ç„¶æ‹‰ç€çœ‹çš„ï¼Œä½†æ˜¯ï¼Œè¿˜ä¸æ˜¯ä½ è‡ªå·±æƒ³é™·è¿›åŽ»çš„ä¹ˆï¼Ÿ
166,çº¯é»‘è‰²ã€ç‹¬ç™½,https://www.douban.com/people/69122945/,allstar40 rating,æŽ¨è,0,2016-06-06,çˆ±æƒ…ç‰‡é‡Œçš„åˆä¸€æ–°é¢˜æï¼
167,æ³°å‹’TJQ,https://www.douban.com/people/Hjalmar/,allstar40 rating,æŽ¨è,0,2016-06-30,çƒ‚å¤§è¡—çˆ±æƒ…ç‰‡åŠ ä¸Šä¸ªäººå¿ƒç†é—®é¢˜æœ€åŽå¥½åƒè¿˜ä¸é”™è¯¶ ä¸»è¦max greenfieldå¤ªå¤ªå¤ªå¤ªå¤ªå¸…äº† æ¯æ¬¡çœ‹è§æˆ‘çš„å°‘å¥³å¿ƒéƒ½è¦çŠ¯äº† æ¼”johnçš„æ€§æ ¼åˆè¿™ä¹ˆå¥½éš¾æ€ªdoriså¿ä¸ä½ã€‚ç»“å±€æœ‰ç‚¹å„¿å¼ºæ±‚ æ¯•ç«Ÿå…±åŒçˆ±å¥½ä»€ä¹ˆçš„éƒ½æ˜¯å»ºç«‹åœ¨è°Žè¨€å’Œstalkä¸Šã€‚maxæ•´ä¸ªäººå¤ªå¹²å‡€äº† ä»–æ¯æ¬¡ç¬‘æˆ‘éƒ½æƒ³äº²å±å¹•ä¹ˆä¹ˆ
168,Linseyæ¶¤ç”Ÿ,https://www.douban.com/people/momoling/,allstar50 rating,åŠ›è,0,2017-12-31,ç¡®å®žå¾ˆå°´å°¬ç—‡ï¼Œä½†æ˜¯èŽ«åå…¶å¦™å¾ˆå–œæ¬¢ï¼Œå°è¯æœ‰äº›çœŸçš„å‡»ä¸­æˆ‘æ— æ³•æ‹¯æ•‘çš„ç¬‘ç‚¹ï¼ˆä¸»è¦æ˜¯Doriså’Œå¥½æœ‹å‹ä¹‹é—´çš„ï¼‰ï¼Œå‰§ä¸­ä»–ä»¬ä¸€èµ·åŽ»çš„çŽ°åœºLiveé‚£ä¸ªbandå¬èµ·æ¥ä¸é”™å•Šï¼åŽ»æœä¸€æœâ€¦
169,ç†æƒ³ofç¥žæ®¿,https://www.douban.com/people/idealtemple/,allstar40 rating,æŽ¨è,1,2016-06-16,7ï¼Œæ•…äº‹å¾ˆä¸é”™ï¼Œä¸è¿‡æ‰“å¿ƒåº•é‡Œè¿˜æ˜¯æ— æ³•æŽ¥å—å¿˜å¹´æ‹å’Œå•æ–¹é¢çš„çˆ±æ‹ï¼Œå› æ­¤è§‚å½±é€”ä¸­ç»å¸¸ä¼šè§‰å¾—å°´å°¬ï¼Œå¯¹è¿™ä¸ªå¼€æ”¾æ€§ç»“å±€ä¹Ÿæœ‰ç‚¹æŠµè§¦ã€‚ä½œä¸ºä¸€ä¸ªåŸºä½¬ï¼Œåˆ¨å¼€å¹´é¾„å·®è·ï¼Œè·Ÿå¤šè•¾ä¸çš„å¢ƒé‡æœ‰å¾ˆå¤šç›¸ä¼¼ä¹‹å¤„ï¼Œä¸è¿‡çŽ°å®žä¸­çš„æˆ‘æ²¡æœ‰å¤šè•¾ä¸é‚£ä¹ˆå‹‡æ•¢ï¼Œé‚£ä¹ˆå……æ»¡æ¿€æƒ…ã€‚èŽŽèŽ‰å¥¶å¥¶ç»™æˆ‘ä¸€ç§å¾ˆäº²åˆ‡çš„æ„Ÿè§‰ï¼Œå°±åƒè‡ªå·±çš„äº²äººä¸€æ ·ã€‚
170,æ¸…è’¸é±¼Ë‰ï¹ƒË‰,https://www.douban.com/people/kiska/,allstar40 rating,æŽ¨è,0,2017-02-02,è€å¥¶å¥¶å¥½å¯çˆ±
171,è£¸è¸,https://www.douban.com/people/luohuai/,allstar30 rating,è¿˜è¡Œ,0,2017-02-25,ä»Žæ¥æ²¡çœ‹è¿‡è¿™æ ·å­çš„ç”µå½±ï¼Œå—¯ï¼Œæƒ³èµ·æ¥é‡Œé¢çš„å°æƒ…å°è¶£å¾ˆæœ‰æ„æ€ï¼Œå—¯ï¼Œç”·äººçš„ä¸€åŠæ˜¯å­©ç«¥ï¼Œå¥³äººçš„ä¸€åŠæ˜¯å°‘å¥³ã€‚
172,å“¥æ–¯æ‹‰,https://www.douban.com/people/2845008/,allstar50 rating,åŠ›è,0,2017-03-07,ä½ çœ‹è¿™æ‰å«çˆ±æƒ…çš„åŠ›é‡å•Š
173,LeonBible,https://www.douban.com/people/36810592/,allstar40 rating,æŽ¨è,0,2018-01-09,2018006 å…³æ³¨çº½çº¦Cat Ladyç¾¤ä½“çš„ç”Ÿæ´»çŠ¶æ€ï¼Œå‰§æœ¬ä¸é”™ï¼Œäººç‰©è®¾ç½®åˆç†ï¼Œç»“å±€è›®æœ‰è¶£ã€‚
174,Cathay,https://www.douban.com/people/59530679/,allstar40 rating,æŽ¨è,0,2017-02-03,ä¸å¥½æ„æ€ï¼Œæˆ‘çœ‹å“­äº†
175,ä½ å°±å«æˆ‘è•‰å¤§å§,https://www.douban.com/people/sport1124/,allstar40 rating,æŽ¨è,0,2016-08-15,è¿™è¾ˆå­çœ‹è¿‡çš„æœ€è®©æˆ‘å†…å¿ƒçŸ›ç›¾çš„ç”µå½±ï¼Œä¸€æ–¹é¢å¸Œæœ›å¥³ä¸»èƒ½æœ‰ä¸»è§’å…‰çŽ¯happy endingï¼Œä¸€æ–¹é¢åˆæ— æ³•ç›´è§†ä»–ä»¬åœ¨ä¸€èµ·çš„æ ·å­ï¼Œå¯¼æ¼”å°±å¾ˆç†Ÿç»ƒçš„æŠŠå¤§å®¶çš„çŸ›ç›¾æ‰åœ¨æ‰‹å¿ƒçŽ©å¼„ç€ã€‚ä¸è¿‡çœŸçš„å–œæ¬¢Dorisçš„å¿ƒæ€å’Œå‹‡æ•¢ï¼Œä¹Ÿè®¸çˆ±æƒ…ä¸ä¼šè®©ä½ å˜å¥½ï¼Œä½†ä½ è‡ªå·±ç»å¯¹å¯ä»¥ã€‚
176,Sï¹«åˆå¤œé£žè¡Œ,https://www.douban.com/people/rosabird/,allstar30 rating,è¿˜è¡Œ,1,2016-06-26,åˆ«è¯´å¥³ä¸»é‚£ä¹ˆå¤§å¹´çºªï¼Œä»…ä»…è¿‡äº†30çš„æˆ‘ï¼Œå·²ç»æ„Ÿè§‰åˆ°å¹´é¾„å¸¦æ¥çš„æ»¡æ»¡çš„æ¶æ„ã€‚æœ‰æ—¶ï¼Œå¹¶ä¸éœ€è¦çˆ±æƒ…æœ‰ä»€ä¹ˆç»“æžœã€‚æˆ–è€…ï¼Œæ‰€è°“ç»“æžœæ˜¯ä»€ä¹ˆå‘¢ï¼Ÿåœ¨ä¸€èµ·ï¼Ÿç»“å©šï¼Ÿç”Ÿå­©ï¼Ÿæºæ‰‹ä¸€ç”Ÿï¼Ÿè¿™äº›éƒ½å’Œçˆ±æƒ…æ— å…³å‘ã€‚çˆ±æƒ…å°±æ˜¯ç”Ÿçš„å–œæ‚¦ï¼Œæ˜¯è„¸ä¸Šçš„å…‰å½©ï¼Œæ˜¯å˜´é‡Œå“¼çš„æ­Œã€‚ä¸è®ºä»€ä¹ˆæ—¶å€™ï¼Œéƒ½è¦æ´»å‡ºç²¾å½©æ¥ã€‚
177,ãƒ•ãƒ•ãƒ•ãƒŠãƒ¡,https://www.douban.com/people/hyce/,allstar40 rating,æŽ¨è,0,2018-03-07,å¹¶ä¸æ˜¯å¹´é¾„çš„é—®é¢˜æ˜¯å¤–è²Œçš„é—®é¢˜â€¦â€¦ä½ çœ‹çœ‹é‡è¿”äºŒåå²â€¦â€¦
178,å–µå–µé±¼,https://www.douban.com/people/122648938/,allstar30 rating,è¿˜è¡Œ,1,2016-07-12,å¯çˆ±çš„è€å¤ªå¤ªï¼›å°å“¥ç¬‘èµ·æ¥ç‰¹åˆ«æš–ï¼Œç‰¹åˆ«ç”œï¼›è„‘è¡¥å¾ˆç²¾å½©ï¼Œç»“å±€æœ‰æ„æ€ï¼
179,ä¸€ç”Ÿæ‰€çˆ±,https://www.douban.com/people/newtamato/,allstar40 rating,æŽ¨è,0,2017-07-04,æ²¡æœ‰çœ‹å®Œï¼Œå¯èƒ½æˆ‘å·²ç»æ²¡æœ‰å°‘å¥³å¿ƒäº†å§
180,E.P.,https://www.douban.com/people/crazyrobot/,allstar40 rating,æŽ¨è,0,2016-05-06,ä½ çš„ æˆ‘çš„ ä»–çš„ å°‘å¥³å¿ƒðŸŒ‹ å’”åš“ç¢Žäº†ä¸€åœ°
181,æ·«é›¨,https://www.douban.com/people/54731687/,allstar40 rating,æŽ¨è,0,2016-12-03,å¯çˆ±
182,ztlpoppy,https://www.douban.com/people/ztl-poppy/,allstar30 rating,è¿˜è¡Œ,0,2016-06-26,å‘¨æœ«è½»æ¾ç‰‡ï¼Œçœ‹ä¸ªæ–°é²œå›¾ä¸ªç—›å¿«ã€‚ç¾Žå›½å°æ¸…æ–°æ‹çˆ±ç‰‡åªè¦æ˜¯èƒ½æ‹çš„é¢˜æéƒ½æ‹äº†ä¹Ÿæ˜¯è›®æ‹¼çš„ï¼Œè€å¤ªè¡£æœéƒ½è›®å¥½çœ‹çš„
183,æµ®ä¸–é¸¿äº‘,https://www.douban.com/people/kypyy/,allstar30 rating,è¿˜è¡Œ,0,2016-06-12,å½“æ­£å¸¸æ‹æƒ…å‡ æ— åˆ›æ–°çš„æ—¶æœŸï¼Œå„ç§ç•¸å½¢çš„ä¸æ­£å¸¸çš„æ‹æƒ…å¿…ç„¶ä¼šæ¨ªç©ºå‡ºä¸–ã€‚å°½ç®¡è¿™æ˜¯ä¸€å‡ºè€å¥—çš„ä¸èƒ½å†è€å¥—çš„æš—æ‹æ•…äº‹ï¼Œå½“è®©70å²çš„èŽŽèŽ‰Â·è²å°”å¾·æš—æ‹80åŽå¸…å“¥ï¼ŒçŽ°å®žä¸­çš„å¤©æ–¹å¤œè°­ï¼Œåœ¨å½±ç‰‡ä¸­è¡¨çŽ°å‡ºæ¥å´æ˜¯å¥½å°´å°¬çš„çœ‹ç‚¹è¿žè¿žã€‚å¯¼æ¼”è¿ˆå…‹å°”Â·ä¿®åŽç‰¹å‡­å€Ÿæ­¤ç‰‡åœ¨è¥¿å—åå—èµ¢å¾—æœ€ä½³è§‚ä¼—å¥–ï¼Œ25å®¶åª’ä½“ç»™63åˆ†ã€‚6.8åˆ†
184,è‚å°æ¬ ,https://www.douban.com/people/fcaoer/,allstar40 rating,æŽ¨è,0,2016-11-12,CRUSH saves the world
185,ä¸‰å¤ªå­,https://www.douban.com/people/KQueen/,allstar30 rating,è¿˜è¡Œ,0,2016-08-31,å¯¹äºŽç»“å°¾æˆ‘ä¿æŒæ‚²è§‚æ€åº¦
186,ç´«å«,https://www.douban.com/people/readmovie/,allstar30 rating,è¿˜è¡Œ,0,2017-03-06,çˆ±è°å°½ç®¡æ˜¯ä¸ªäººè‡ªç”±ï¼Œä½†çœŸå¾—æœ‰è‡ªçŸ¥ä¹‹æ˜Žã€‚å¹¸ç¦ï¼ˆæƒ…ç¼˜ï¼‰é™ä¸´æ—¶ï¼Œåƒæ–¹ç™¾è®¡æŠŠæ¡ä½ï¼Œå› ä¸ºå¹¸ç¦ä¹Ÿè®¸åªå…‰é¡¾ä¸€æ¬¡ã€‚
187,å¼ è¥¿è¥¿,https://www.douban.com/people/hyper_c/,allstar50 rating,åŠ›è,0,2016-06-16,ç‰¹åˆ«å–œæ¬¢ï¼é“…ç¬”ã€ç‘œä¼½çƒç­‰å°ç»†èŠ‚å¤ªèµžï¼Œäººè®¾ä¹Ÿç›¸å½“ç²¾å‡†ã€‚
188,frozenmoon,https://www.douban.com/people/1233038/,allstar30 rating,è¿˜è¡Œ,1,2016-06-10,ä¸€ä¸ªå¯»æ‰¾ çˆ±æƒ…å’Œè‡ªæˆ‘çš„å°å“ã€‚åŠæ ¼ä½†æ— èŠã€‚
189,B,https://www.douban.com/people/tsebb/,allstar30 rating,è¿˜è¡Œ,0,2016-08-20,ä½ å¥½ï¼Œæˆ‘æ˜¯æ„æ·«ç‹‚
190,æ°´è‹±ä¿Š,https://www.douban.com/people/RemyAnderson/,allstar40 rating,æŽ¨è,0,2016-06-12,"60åˆ†çš„æ•…äº‹è®©æ²™ç²’é£žé˜¿å§¨æ¼”æˆäº†90åˆ†çš„æƒŠå–œä¹‹ä½œã€‚Doris is weird but in a good way,å¯¼æ¼”ç”¨ä¸€ä¸ªweirdoçš„çˆ±æƒ…å‘Šè¯‰äººä»¬å‘å‰çœ‹æ€»æ²¡æœ‰åå¤„ã€‚"
191,Sailor Meow,https://www.douban.com/people/catvoldemort/,allstar30 rating,è¿˜è¡Œ,0,2017-01-02,çœŸæ­£çš„å°Šé‡è€å¹´äººåšåˆ°å¹´é¾„å¹³ç­‰ï¼Œåº”è¯¥æ˜¯æŒ‡å‡ºå¥³ä¸»åšå°ä¸‰è¿™ä»¶äº‹
192,Stefanie,https://www.douban.com/people/1342961/,allstar50 rating,åŠ›è,0,2017-11-12,è‹¦
193,å’å’å’,https://www.douban.com/people/young822/,allstar30 rating,è¿˜è¡Œ,0,2016-08-26,ä¸‰æ˜Ÿç»™æˆ‘è®¤åŒè¦å°Šé‡æ¯ä¸ªä¸åŒçš„äººè¿™ä¸ªç†å¿µ å…¶ä»–çš„éƒ½ä¸è¡Œ
194,ä¹ˆä»€å«å®šå†³èƒ½ä¸,https://www.douban.com/people/lauraxue/,allstar30 rating,è¿˜è¡Œ,0,2018-03-10,2.5 æ˜¨å¤©çœ‹äº†Laura Terrusoçš„Fits and Startsè§‰å¾—å¤ªå¥½äºŽæ˜¯æ‰¾æ¥è¿™éƒ¨æ—©å…ˆå‡ å¹´çš„ç¼–å‰§ä½œå“æ¥çœ‹ï¼Œå¯æƒœå°‘å¥³å¿ƒçš„å¥¶å¥¶ç¼ºå°‘äº†å’Œ13å²çš„çœŸÂ·å°‘å¥³ä¹‹é—´åœ¨äººç”Ÿç»åŽ†ä¸Šçš„åŒºåˆ«ã€‚æƒ³è¦ä½œä¸ºä¸€ä¸ªeccentricçš„äººç‰©æ¥è¯´è¿˜æ˜¯æµäºŽå¤§ä¼—å°è±¡é‡Œå¤æ€ªå½¢è±¡çš„è¡¨é¢äº†ã€‚
195,èƒ¡äºŒ,https://www.douban.com/people/hulangbaiyue/,allstar30 rating,è¿˜è¡Œ,0,2016-07-13,ä¸ºæ¯›è¦æ’è¶³äººå®¶çš„æ„Ÿæƒ…å•Šï¼Œå¥½å·®åŠ²ã€‚ã€‚ã€‚æ•´ä½“æ•…äº‹è¿˜å¥½ï¼Œä¸è¿‡ä¸ºæ¯›å¹´è½»çš„æ—¶å€™ä¸å¥½å¥½çˆ±æ¥çˆ±åŽ»å‘¢ï¼Œè€äº†å€’è¿½é²œè‚‰ä¹Ÿæ˜¯ç´¯
196,CathShero,https://www.douban.com/people/25314137/,allstar50 rating,åŠ›è,0,2016-08-08,ã€Šæ¾„ä¸Žå ‡ã€‹æ˜¯ç«¥è¯ï¼Œæœ¬ç‰‡æ˜¯å¯“è¨€ã€‚å¯¹çš„å®ƒä¸æ˜¯çŽ°å®žï¼Œå› ä¸ºçŽ°å®žä¸ä¼šæœ‰æœ¬ç‰‡çš„æ¸©æš–åŒ…å®¹ï¼ŒçŽ°å®žé‡Œçš„Dorisä»¬æœªå¿…èƒ½ç­‰åˆ°è‡ªæˆ‘è§‰é†’çš„é‚£å¤©ã€‚æœ‰æ—¶å€™æˆ‘ä»¬æ±²æ±²ä»¥æ±‚çš„å¹¶éžæ˜¯æŸä¸ªç‰¹å®šçš„äººï¼Œåªæ˜¯é‚£ä¸ªèƒ½è®©æˆ‘ä»¬è¿½å¯»æ›´å¥½è‡ªå·±çš„å¥‘æœºã€‚
197,70å¹´çš„é›ª,https://www.douban.com/people/157360118/,allstar30 rating,è¿˜è¡Œ,0,2017-08-28,å½“æœ‰ä¸€å¤©æˆ‘ä¹Ÿå˜å¾—é¸¡çš®é¹¤å‘ï¼Œ åˆ°æ—¶æˆ‘æ˜¯å¦ä»æœ‰ä¸€é¢—å°‘å¥³å¿ƒï¼Ÿ åˆ°æ—¶æœ‰ä¸€é¢—å°‘å¥³å¿ƒæ˜¯å–œæ˜¯æ‚²ï¼Ÿ
198,å°äº‘æœµ,https://www.douban.com/people/2571322/,allstar30 rating,è¿˜è¡Œ,0,2016-07-18,å°‘å¥³å¿ƒè¦å’Œç¾Žè²Œç›¸ç§°æ‰ä¼šæœ‰å¥½ç»“å±€
199,å­—æ¯å›,https://www.douban.com/people/78164697/,allstar30 rating,è¿˜è¡Œ,0,2016-07-04,è€å¤ªç‰ˆchick flickï¼Œå†…æ ¸æ˜¯ä¸€ä¸ªæŠ›å¼ƒè¿‡åŽ»çš„æˆé•¿æ•…äº‹ã€‚ç”·ä¸»å’§å˜´ç¬‘èµ·æ¥æ˜¯çœŸå¥½çœ‹å•Šâ€¦â€¦ ç»“å°¾å¤„ç†å¾—å¾ˆæ£’ã€‚
200,ofelia11,https://www.douban.com/people/128665149/,allstar30 rating,è¿˜è¡Œ,0,2017-09-09,æ— å…³å¹´é¾„å·®è·ï¼Œæ— å…³å¥³è¿½ç”·ï¼Œæš—æ‹æè‹¥ä¸€åœºæ¢¦ï¼Œå°‘æ•°å¹¸è¿å„¿èƒ½ç¾Žæ¢¦æˆçœŸï¼Œéš¾èƒ½å¯è´µçš„æ˜¯å½“ç™½æ—¥æ¢¦æ¸…é†’åŽè¿˜èƒ½æœ‰ç»§ç»­å‰è¡Œå¼€å§‹æ–°ç”Ÿæ´»çš„å‹‡æ°”ï¼Œå¤šå¥½ï¼
